id,name,branch,website,email,description
"sos","Secretary of State for Defence","b_strat","GOV.UK","","Political head of the MOD; owns SDR 2025 and the direction the whole system follows."
"reform","Defence Reform (four-pillar model)","b_strat","","","Re-aligned the MOD into Department of State, Military Strategic HQ, the NAD Group and the Defence Nuclear Enterprise."
"sdr","Strategic Defence Review 2025","b_strat","","","The root strategy — sets the threat picture, force design and the push for novel tech and faster procurement."
"dis","Defence Industrial Strategy 2025","b_strat","","","‘Making defence an engine for growth’ — industrial, SME, exports, skills and clusters agenda."
"mshq","Military Strategic HQ","b_strat","","","CDS-led; owns military strategy and the capability requirement that pulls innovation through."
"dcdc","Development, Concepts & Doctrine Centre (DCDC)","b_strat","","","MOD's think tank — future concepts, doctrine and the Global Strategic Trends horizon-scan."
"headoffice","MOD Head Office","b_strat","","","Department of State — policy, finance and corporate direction."
"nad","National Armaments Director & NAD Group","b_acq","","","Single accountable owner of end-to-end acquisition (~£20bn+/yr); delivers the DIS and Defence Investment Plan."
"des","Defence Equipment & Support (DE&S)","b_acq","des.mod.uk","","MOD's main procurement & support arm (700+ programmes) across ships, land, air and weapons."
"fcg","DE&S Future Capability Group (FCG)","b_acq","","","Robotics, autonomy and rapid capability; a core member of the Defence AI Centre federation."
"ddig","Defence Digital","b_acq","","","MOD's digital backbone, networks, data and enterprise IT; sets digital standards for adoption."
"foundry","Defence Digital Foundry","b_acq","","","Builds software-intensive capability (AI, data, automation); hosts part of the DAIC."
"dio","Defence Infrastructure Organisation (DIO)","b_acq","GOV.UK","","Manages the estate, ranges and infrastructure used for trials and experimentation."
"commercial","Defence Commercial / Sourcing Portal","b_acq","","","MOD's commercial function and the portal where contracts and tenders are advertised."
"ssro","Single Source Regulations Office (SSRO)","b_acq","ssro.gov.uk","","Regulates non-competitive contracts >£5m; sets the Baseline Profit Rate (9.10% for 2026/27)."
"ccs","Crown Commercial Service (CCS)","b_acq","crowncommercial.gov.uk","","Cross-government commercial agreements used for common goods and services, incl. defence."
"dstl","Dstl","b_sti","dstl.gov.uk","centralenquiries@dstl.gov.uk","MOD's in-house S&T authority — research, experimentation and technical assurance. Parent of DASA."
"ukdi","UK Defence Innovation (UKDI)","b_sti","GOV.UK","","Consolidated innovation body (£400m/yr; £1.6bn in the DIP); runs Open Call, Themed and Loan competitions."
"dasa","Defence & Security Accelerator (DASA)","b_sti","GOV.UK","accelerator@dstl.gov.uk","Finds and funds exploitable innovation fast; the established SME competition route. Became part of UKDI in February 2026 and continues to run its competitions."
"diu","Defence Innovation Unit (DIU)","b_sti","","","Former standalone innovation unit, now consolidated into UKDI; brokered defence problems to commercial solutions."
"daic","Defence AI Centre (DAIC)","b_sti","","","Champions, enables and scales AI across defence — a federation of Defence Digital, Dstl and DE&S FCG."
"battlelab","Defence BattleLab","b_sti","","","Open collaboration hub for MOD, SMEs and academia; an affiliated NATO DIANA test centre."
"ploughshare","Ploughshare Innovations","b_sti","ploughshareinnovations.com","","Dstl's technology-transfer company — spins MOD IP out into commercial and dual-use ventures."
"nstix","NSTIx","b_sti","","","National Security Technology & Innovation Exchange — connects national-security S&T across government."
"serapis","Serapis / R-Cloud frameworks","b_sti","","","Agile research frameworks that give industry and academia a fast route to Dstl-funded work."
"csoc","Cyber & Specialist Operations Command (CSOC)","b_flc","","","Formerly Strategic Command; integrates joint enablers, cyber, digital and specialist ops."
"jhub","jHub","b_flc","","","CSOC's central innovation hub — brokers mature dual-use tech into defence quickly."
"navy","Royal Navy — Navy Command","b_flc","","","Sets maritime requirements; end-user for autonomy and AI at sea."
"dcto","DCTO (Disruptive Capabilities & Technologies Office)","b_flc","","","Royal Navy's rapid prototype-test-deploy unit; merges NavyX, the Navy CTO office and AI Cell."
"nelson","NELSON","b_flc","","","Royal Navy's digital & data service delivering software to the fleet."
"army","Army — Field Army / Army Futures","b_flc","","","Sets land requirements; drives the ‘ten-times more lethal’ Army vision."
"lwc","Land Warfare Centre","b_flc","","","Runs the Army Warfighting Experiment and land capability development."
"etg","Experimentation & Trials Group (ETG)","b_flc","army.mod.uk","","The Field Army's experimentation and trials organisation; commands the Army's Trials & Development Units (including the former ATDU at Bovington) and an Experimentation Battalion to trial and develop new capability under Future Soldier."
"air","RAF — Air Command","b_flc","","","Sets air & space requirements; end-user for combat air and uncrewed systems."
"rafrco","RAF Rapid Capabilities Office (RCO)","b_flc","","","Fast, often classified delivery of urgent air & space capability outside the standard cycle."
"astra","RAF ASTRA","b_flc","","","The RAF's transformation programme building the ‘next-generation air force’."
"di","Defence Intelligence (DI)","b_ics","","","MOD's intelligence organisation; a customer for data, ISR and analytics."
"ncf","National Cyber Force (NCF)","b_ics","","","Joint MOD–GCHQ offensive cyber command; a significant deep-tech customer."
"ncsc","National Cyber Security Centre (NCSC)","b_ics","ncsc.gov.uk","","National technical authority for cyber security; runs startup/accelerator routes."
"gchq","GCHQ","b_ics","","","Signals intelligence and cyber; sponsors dual-use tech and SMEs. Parent of NCSC."
"npsa","National Protective Security Authority (NPSA)","b_ics","npsa.gov.uk","","National technical authority for protective security (part of MI5); dual-use overlap."
"spacecmd","UK Space Command","b_ics","spacecommand.mod.uk","","Military space operations & capability; customer for space domain awareness and resilient comms."
"spaceagency","UK Space Agency","b_ics","GOV.UK","","Civil space programme and funding; dual-use partner for defence space."
"nspoc","National Space Operations Centre (NSpOC)","b_ics","","","Joint civil-military centre for space domain awareness and operations."
"dno","Defence Nuclear Organisation (DNO)","b_nuke","","","Sets policy and sponsors the deterrent and naval nuclear propulsion; oversees the enterprise."
"sda","Submarine Delivery Agency (SDA)","b_nuke","GOV.UK","","Procures, builds and supports the submarine flotilla — Dreadnought and Astute/SSN."
"awe","AWE Nuclear Security Technologies (AWE)","b_nuke","awe.co.uk","","Designs, makes and maintains the UK's nuclear warheads; deep science in materials, HPC and physics. An arm's-length body owned by the MOD."
"rrsub","Rolls-Royce Submarines","b_nuke","","","Designs and makes the naval nuclear reactors that power the submarine fleet."
"barrow","Plan for Barrow","b_nuke","","","Long-term place-based investment around the Barrow submarine industrial base."
"cranfield","Cranfield University","c_edu","cranfield.ac.uk","","Postgraduate defence education, systems engineering and ordnance — embedded at the Defence Academy."
"kcl","King's College London","c_edu","kcl.ac.uk","","War studies, strategy and security policy; runs KIASS and the Freeman Air & Space Institute."
"defacad","Defence Academy of the UK","c_edu","da.mod.uk","","MOD's professional military education establishment (JSCSC, RCDS)."
"rand","RAND Europe","c_edu","randeurope.org","","Independent policy research and analysis; academic partner to the Defence Academy."
"imperial","Imperial College London","c_uni","","","Security S&T, materials, sensing and networks."
"cambridge","University of Cambridge","c_uni","","","Quantum, materials, photonics and AI; strong spin-out pipeline."
"oxford","University of Oxford","c_uni","","","Robotics & autonomy, AI, quantum and cyber."
"ucl","UCL","c_uni","","","Sensing, security, space and defence-adjacent engineering."
"soton","University of Southampton","c_uni","","","Maritime autonomy, acoustics, photonics and cyber."
"sheffield","University of Sheffield (AMRC)","c_uni","","","Advanced manufacturing and machining for aerospace and defence."
"bristol","University of Bristol","c_uni","","","Composites (with the NCC), quantum and aerospace."
"surrey","University of Surrey","c_uni","","","Small satellites, space systems and 5G/6G comms."
"lancaster","Lancaster University","c_uni","","","Cyber security research and the cleared-talent pipeline."
"strath","University of Strathclyde","c_uni","","","Advanced forming and manufacturing; National Manufacturing Institute Scotland."
"warwick","University of Warwick (WMG)","c_uni","","","Digital manufacturing, materials and systems engineering."
"udrc","UDRC universities","c_uni","","","Signal processing, sensing and machine learning — Edinburgh, Heriot-Watt, Strathclyde, Queen's Belfast."
"turing","The Alan Turing Institute","c_inst","turing.ac.uk","","National institute for data science & AI; defence and security research partnerships."
"npl","National Physical Laboratory (NPL)","c_inst","npl.co.uk","","National measurement standards; quantum, timing and materials with dual-use relevance."
"digicat","Digital Catapult","b_cat","digicatapult.org.uk","","Applies AI, distributed systems and digital twins to defence; connects innovators to MOD & primes."
"satcat","Satellite Applications Catapult","b_cat","sa.catapult.org.uk","","Accelerates space & satellite applications, including dual-use defence and security."
"mtc","Manufacturing Technology Centre (MTC)","c_hvmc","","","Manufacturing systems, automation and digital factory for defence programmes."
"ncc","National Composites Centre (NCC)","c_hvmc","","","Composite materials and structures for air, land and sea platforms."
"amrc","AMRC","c_hvmc","","","Advanced machining and manufacturing research for aerospace and defence."
"nuamrc","Nuclear AMRC","c_hvmc","","","Manufacturing for the nuclear and naval propulsion supply chain."
"cpi","CPI","c_hvmc","","","Process innovation, formulation and advanced materials."
"csac","Compound Semiconductor Applications Catapult","b_cat","csa.catapult.org.uk","","Semiconductor tech for RF, sensing and secure electronics — a sovereign-capability concern."
"cpc","Connected Places Catapult","b_cat","cp.catapult.org.uk","","Places, mobility and connected-systems innovation with dual-use overlap."
"qinetiq","QinetiQ","b_cat","","","Test & evaluation, ranges and research services; both supplier and RTO."
"roke","Roke","b_cat","","","Applied research and engineering in sensors, signals and cyber."
"fnc","Frazer-Nash Consultancy","b_cat","","","Systems engineering, safety and technical advice across defence programmes."
"bmt","BMT","b_cat","","","Maritime and defence engineering, design and through-life support."
"rusi","RUSI","b_cat","rusi.org","","Independent defence & security think tank; analysis, convening and policy."
"atec","ATEC / MOD Boscombe Down","b_te","","","Aircraft Test & Evaluation Centre — the UK's core air T&E site."
"hebrides","Hebrides & Aberporth Ranges","b_te","","","Weapons and uncrewed-systems trials ranges and segregated airspace."
"eskmeals","Eskmeals & Pendine Ranges","b_te","","","Gun, ordnance and materials proof and impact ranges (Cumbria & Wales)."
"lulworth","Lulworth & Bovington Ranges","b_te","","","Live-fire and armoured-vehicle trials areas in Dorset."
"westfreugh","West Freugh Range","b_te","","","Air-weapons and instrumented trials range in south-west Scotland."
"porton","Porton Down / Portsdown West","b_te","","","Dstl's principal science and experimentation sites (incl. chem-bio defence)."
"shoebury","MOD Shoeburyness","b_te","","","Explosives, munitions and weapons-effects trials range."
"spta","Salisbury Plain Training Area","b_te","","","The Army's largest training estate; large-scale land experimentation and exercises."
"horibamira","Horiba MIRA Proving Ground","b_te","horiba-mira.com","","Vehicle, autonomy and resilience test facility (incl. defence trials)."
"smartsound","Smart Sound Plymouth","b_te","smartsoundplymouth.co.uk","","Marine autonomy and sensor proving area run with Plymouth's marine cluster."
"robotarium","National Robotarium","b_te","thenationalrobotarium.com","","Edinburgh centre for robotics and autonomous-systems research and test."
"dorsetpark","Dorset Innovation Park","b_te","dorsetinnovationpark.com","","Secure enterprise-zone campus hosting the Defence BattleLab and defence firms."
"bae_air","BAE Systems Air","b_primes","baesystems.com","","Combat air — Typhoon, F-35 work-share, and the GCAP/Tempest next-generation programme."
"bae_ships","BAE Systems Naval Ships","b_primes","baesystems.com","","Designs and builds Royal Navy surface warships (Type 26 frigate)."
"bae_subs","BAE Systems Submarines","b_primes","baesystems.com","","Designs and builds the UK's nuclear submarines (Astute, Dreadnought)."
"bae_maritimeservices","BAE Systems Maritime Services","b_primes","baesystems.com","","In-service support and upkeep for the surface fleet."
"bae_land","BAE Systems Land","b_primes","baesystems.com","","Munitions, artillery and combat vehicles; partner in RBSL for Boxer and Challenger 3."
"bae_es","BAE Systems Electronic Systems","b_primes","baesystems.com","","Electronic warfare, sensors, avionics, and controls & power."
"bae_di","BAE Systems Digital Intelligence","b_primes","baesystems.com","","Cyber, C4ISR, intelligence and digital services."
"rr_defenceaero","Rolls-Royce Defence — Aerospace","root","rolls-royce.com","","Aero-engines for combat air, transport and trainer aircraft."
"rr_subsystems","Rolls-Royce Submarines (reactors)","root","rolls-royce.com","","Designs and makes the naval nuclear reactor plants powering the submarine fleet."
"rr_powersystems","Rolls-Royce Power Systems","root","rolls-royce.com","","Engines, generators and microgrids for land and naval platforms."
"bab_marine","Babcock Marine","","babcockinternational.com","","Warship and submarine support, refit and the dockyards."
"bab_nuclear","Babcock Nuclear","","babcockinternational.com","","Submarine support, decommissioning and nuclear services."
"bab_land","Babcock Land","","babcockinternational.com","","Military vehicle fleet management and engineering support."
"bab_aviation","Babcock Aviation","","babcockinternational.com","","Military aircraft support and flying training."
"leo_helicopters","Leonardo Helicopters","","leonardo.com","","Military rotary-wing (AW101, AW159) design, build and support."
"leo_electronics","Leonardo Electronics","","leonardo.com","","Radar, electronic warfare, sensors and laser systems."
"leo_cyber","Leonardo Cyber & Security","","leonardo.com","","Secure communications, cyber and mission systems."
"mbda","MBDA (UK)","","","","Complex weapons and missiles (UK/European JV, part-owned by BAE)."
"thales","Thales UK","","","","Sensors, sonar, communications, optronics, cyber and UAS."
"edgewing","Edgewing (GCAP JV)","","","","Design-authority JV (BAE, Leonardo, JAIEC) for the next-generation combat aircraft."
"airbusds","Airbus Defence & Space UK","","","","Military space, secure satcom (Skynet) and platforms."
"lmuk","Lockheed Martin UK","","","","Combat systems, training, and platform integration."
"boeinguk","Boeing Defence UK","","","","Rotary, maritime patrol and support."
"raytheonuk","Raytheon UK","","","","Effects, C4ISR, sensors and cyber."
"gduk","General Dynamics UK","","","","Land combat systems, C4ISR and mission systems."
"chemring","Chemring","","","","Countermeasures, energetics and sensors."
"cohort","Cohort / Ultra","","","","Specialist electronics, sonar and C2 across group companies."
"rbsl","RBSL (Rheinmetall BAE Systems Land)","c_land","","","Builds Boxer and Challenger 3; armoured vehicle design and manufacture."
"supacat","Supacat","c_land","","","High-mobility and special-purpose vehicles."
"pearson","Pearson Engineering","c_land","","","Combat engineering equipment and vehicle attachments."
"npaero","NP Aerospace","c_land","","","Armour, protection and vehicle integration."
"marshall","Marshall","c_land","","","Land systems, shelters and aerospace support."
"sea","SEA","c_mar","","","Combat systems, torpedo defence and maritime software."
"survitec","Survitec","c_mar","","","Survival, escape and safety systems."
"sonardyne","Sonardyne","c_mar","","","Subsea positioning, sonar and communications."
"jfd","JFD","c_mar","","","Submarine rescue and diving systems."
"atlas","Atlas Elektronik UK","c_mar","","","Sonar, mine countermeasures and maritime autonomy."
"cobham","Cobham","c_c4","","","Antennas, comms and mission systems."
"systematic","Systematic UK","c_c4","","","Battle-management (SitaWare) and C2 software."
"ultra","Ultra","c_c4","","","Sonar, C2 and specialist electronics."
"cambridgeconsult","Cambridge Consultants","c_c4","cambridgeconsultants.com","","Deep-tech product development and R&D across sensing, comms and autonomy."
"gknaero","GKN Aerospace","c_aero","gknaerospace.com","","Airframe structures, engine systems and additive manufacturing."
"martinbaker","Martin-Baker","c_aero","martin-baker.com","","Ejection seats and crew-escape systems (global leader)."
"meggitt","Meggitt (Parker Aerospace)","c_aero","meggitt.com","","Sensing, braking, fire protection and thermal systems for platforms; part of Parker Aerospace."
"evolito2","Advanced electric propulsion","c_aero","","","Emerging electric-propulsion suppliers (e.g. Evolito, YASA-derived) for future platforms."
"chemring2","Chemring Group","c_energetics","chemring.com","","Countermeasures, energetic materials and sensors (also a prime-scale supplier)."
"bae_land2","RBSL / BAE munitions","c_energetics","","","UK munitions and artillery manufacture and the ammunition supply base."
"serco","Serco","c_svc","","","Support services, training and logistics."
"kbr","KBR","c_svc","","","Programme delivery, engineering and technical services."
"jacobs","Jacobs","c_svc","","","Systems engineering and infrastructure."
"leidosuk","Leidos UK","c_svc","","","Logistics (LCST) and IT-enabled services."
"atkins","AtkinsRéalis","c_svc","atkinsrealis.com","","Engineering, programme management and nuclear/defence advisory."
"ricardo","Ricardo Defense","c_svc","ricardo.com","","Vehicle engineering, propulsion and fleet support."
"expleo","Expleo","c_svc","expleo.com","","Engineering, quality and digital services for defence programmes."
"cgi","CGI UK","c_svc","cgi.com","","Secure IT, systems integration and digital services for defence."
"helsing","Helsing","c_ai","","","European defence-AI champion; strike-drone software and AI mass; investing in UK manufacturing."
"anduril","Anduril UK","c_ai","","","Autonomy-first systems and the Lattice software backbone; UK presence."
"palantir","Palantir UK","c_ai","","","Data-integration and decision software (Foundry/Gotham); DIJC member; mentoring UK defence startups."
"hadean","Hadean","c_ai","","","Distributed computing and large-scale synthetic environments; hosted the first DIJC."
"adarga","Adarga","c_ai","adarga.ai","","AI for intelligence analysis and knowledge discovery."
"faculty","Faculty","c_ai","faculty.ai","","Applied AI and decision-support across government and defence."
"arondite","Arondite","c_ai","arondite.com","","London (2023) — software connecting sensors, autonomous platforms and robotics into one operator picture."
"mindfoundry","Mind Foundry","c_ai","mindfoundry.ai","","Oxford AI spin-out; high-stakes AI for defence and the public sector."
"montvieux","Montvieux","c_ai","montvieux.com","","Deep-learning and data science for defence decision advantage."
"ripjar","Ripjar","c_ai","ripjar.com","","AI-driven intelligence and open-source data analytics."
"improbable","Improbable Defence","c_ai","improbable.io","","Synthetic environments and multi-domain simulation for training and experimentation."
"tekever","Tekever","c_uas","tekever.com","","UAS and ISR; supplies uncrewed systems to the UK forces; UK manufacturing in Swindon."
"stark","Stark","c_uas","stark.com","","Weaponised drones, loitering munitions and the Minerva mission-control suite; investing in UK manufacturing."
"quantumsys","Quantum Systems","c_uas","quantum-systems.com","","Reconnaissance UAS with battlefield-proven designs; UK operations."
"malloy","Malloy Aeronautics","c_uas","malloyaeronautics.com","","Heavy-lift logistics and multi-role drones (now part of BAE Systems)."
"overwatch","Overwatch Group","c_uas","overwatch.co.uk","","UAS, loitering munitions and tactical drones for reconnaissance and precision strike."
"callenlenz","Callen-Lenz","c_uas","callenlenz.com","","Uncrewed air systems, autonomy and flight-control technology."
"windracers","Windracers","c_uas","windracers.com","","Autonomous heavy-lift fixed-wing UAV for logistics and resupply."
"animaldynamics","Animal Dynamics","c_uas","animal-dynamics.com","","Bio-inspired autonomous air and sea systems."
"flarebright","Flare Bright","c_uas","flarebright.com","","AI-enabled autonomous drones and sensor systems."
"marss","MARSS","c_c4isr","marss.com","","Counter-drone and integrated force-protection systems (AI sensor fusion)."
"chessdyn","Chess Dynamics","c_c4isr","chess-dynamics.com","","Electro-optical tracking, surveillance and counter-UAS (part of HENSOLDT)."
"blighter","Blighter Surveillance","c_c4isr","blighter.com","","Electronic-scanning radar for border and air-defence surveillance."
"cambridgepixel","Cambridge Pixel","c_c4isr","cambridgepixel.com","","Radar display, tracking and sensor-processing software."
"plextek","Plextek","c_c4isr","plextek.com","","RF, radar and electronics design and innovation consultancy."
"iceni","Iceni Labs","c_c4isr","iceni.tech","","RF sensing and counter-UAS detection technology."
"opencosmos","Open Cosmos","c_space","open-cosmos.com","","Harwell-based small-satellite manufacturer and mission provider; builds Dstl's Orpheus SDA satellites."
"astroscale","Astroscale UK","c_space","astroscale.com","","In-orbit servicing, debris removal and space-domain-awareness missions (Orpheus lead)."
"iceye","ICEYE","c_space","iceye.com","","Radar-satellite ISR and persistent space-based sensing."
"spaceforge","Space Forge","c_space","spaceforge.com","","In-space manufacturing of advanced materials and semiconductors."
"oxfordspace","Oxford Space Systems","c_space","oxford.space","","Deployable antennas and structures for satellites."
"inspace","In-Space Missions","c_space","inspacemissions.com","","Full-lifecycle satellite missions and payloads (part of BAE Systems)."
"satellitevu","Satellite Vu","c_space","satellitevu.com","","Thermal-infrared Earth observation from space."
"riverlane","Riverlane","c_quantum","riverlane.com","","Quantum error-correction — the control layer for fault-tolerant quantum computing."
"arqit","Arqit","c_quantum","arqit.uk","","Symmetric-key, quantum-safe encryption delivered as a service to defence and government."
"aquark","Aquark Technologies","c_quantum","aquarktechnologies.com","","Cold-atom quantum sensors; trialled on Royal Navy vessels (Airbus/BAE/Leonardo/MBDA/NIF-backed)."
"darktrace","Darktrace","c_quantum","darktrace.com","","Cambridge cyber-AI; autonomous threat detection and response."
"nuquantum","Nu Quantum","c_quantum","nuquantum.com","","Quantum networking and photonic interconnects."
"csit","CSIT / Queen's Belfast","c_quantum","qub.ac.uk","","UK innovation centre for secure information technologies and cyber research."
"physicsx","PhysicsX","c_deep","physicsx.ai","","Engineering AI for simulation, design and advanced manufacturing."
"camaero","Cambridge Aerospace","c_deep","","","Missile-interception and advanced aerospace systems."
"magdrive","Magdrive","c_deep","magdrive.space","","High-thrust electric propulsion for spacecraft."
"evolito","Evolito","c_deep","evolito.com","","Axial-flux electric motors for aerospace and defence platforms."
"rovco","Rovco / Beam","c_deep","rovco.com","","Subsea robotics and AI-enabled autonomous underwater inspection."
"ofsbg","Defence Office for Small Business Growth","c_sme","gov.uk","","The single front door for SMEs; supports the pledge to spend more with small firms."
"dtep","Defence Technology Exploitation Programme (DTEP)","c_sme","","","Grant scheme helping SME supply-chain collaborations mature technology."
"makeuk","Make UK Defence","c_sme","makeukdefence.org","","Represents defence manufacturers and SMEs; strong SME onboarding voice."
"teamdefence","Team Defence Information","c_sme","teamdefence.info","","Industry–MOD community improving digital, data and information exchange across the enterprise."
"nssif","NSSIF","f_public","british-business-bank.co.uk","","The government's dual-use corporate venture arm (a Treasury–British Business Bank initiative); invests alongside other investors in national-security technologies."
"bpc","British Patient Capital / British Business Bank","f_public","british-business-bank.co.uk","","Government-backed patient capital that anchors deep-tech and dual-use funds as a limited partner."
"nwf","National Wealth Fund","f_public","nationalwealthfund.org.uk","","The UK's public investment institution (formerly UK Infrastructure Bank); backs strategic and dual-use industrial capacity."
"ukef","UK Export Finance (UKEF)","f_public","gov.uk","","The UK export credit agency; finances and insures defence and dual-use exports."
"dip","MOD Modernisation Fund / Defence Investment Plan","f_public","","","The DIP sets the MOD's multi-year investment; includes ring-fenced innovation funding for UKDI and a Modernisation Fund. Plus a commitment to spend more with SMEs."
"growth","Defence Growth Deals","f_public","","","Place-based investment across Plymouth, South Yorkshire, Scotland, Wales and Northern Ireland."
"innovateuk","Innovate UK","f_public","iuk.ukri.org","","Co-funds commercialisation and the catapults; the innovation agency within UKRI."
"natofund","NATO Innovation Fund (NIF)","f_multi","nif.fund","","The world's first multi-sovereign VC (24 allies, ~€1bn); invests directly in deep-tech founders and as an LP in European funds. Sits on the DIJC."
"edf_inv","EU Defence Equity Facility (InvestEU)","f_multi","eif.org","","The European Investment Fund's facility backing venture funds that invest in defence, dual-use, security and space."
"mdone","MD One Ventures","f_vc","md-one.com","","Europe's first dedicated defence & national-security VC (founded 2021); applied deep tech for the UK, Europe and allies."
"marque","Marque Ventures","f_vc","marqueventures.com","","UK-based early-stage VC investing in defence, security and resilience dual-use technology."
"airstreet","Air Street Capital","f_vc","airstreet.com","","London AI-first VC increasingly active in defence and dual-use (e.g. Modern Intelligence)."
"offset","Offset Ventures","f_vc","","","Early-stage UK/European defence-tech specialist investor."
"expeditions","Expeditions Fund","f_vc","expeditions.fund","","Early-stage deep-tech/dual-use VC (cyber, AI, defence, autonomy, space); NATO Innovation Fund-backed."
"joincap","Join Capital","f_vc","join.capital","","Pan-European (Berlin/London/Milan) deep-tech and dual-use VC across enterprise, industrial, space and defence."
"primamateria","Prima Materia","f_vc","","","Daniel Ek's European deep-tech investment company; lead backer of Helsing."
"projecta","Project A Ventures","f_vc","project-a.com","","Early-stage B2B VC increasingly investing in dual-use (e.g. Quantum Systems)."
"sevenpct","7percent Ventures","f_vc","7pc.vc","","Early-stage VC in defence, dual-use aerospace and AI ‘moonshots’."
"lux","Lux Capital","f_vc","luxcapital.com","","US frontier-tech VC backing hard-science and defence technologies."
"alpinespace","Alpine Space Ventures","f_vc","alpinespace.vc","","Space-industrial VC led by senior SpaceX alumni; NIF- and EIF-backed, EDIN and NATO SPACENET member."
"otb","OTB Ventures","f_vc","otb.vc","","Central-European deep-tech VC (~$350m) — spacetech, enterprise AI and cyber; a leading CEE defence/dual-use backer."
"vsquared","Vsquared Ventures","f_vc","vsquared.vc","","Munich deep-tech VC backing defence, space and dual-use (NIF-backed); part of Europe's densest defence-tech hub."
"keen","Keen Venture Partners","f_vc","keenventurepartners.com","","European growth VC focused on defence, security and resilience technology."
"d3vc","D3 / Darkstar / Green Flag","f_vc","","","New wave of dedicated European defence funds (D3, Darkstar, Green Flag Ventures) driving a third of 2025 deal flow."
"v201","201 Ventures","f_vc","","","Solo-GP pre-seed/seed fund (Eric Slesinger) backing intelligence, defence and dual-use in Europe; find it via EDIN or Dealroom."
"decisivepoint","Decisive Point","f_vc","decisivepoint.com","","Transatlantic early-stage VC for government, public-safety and defence technology."
"edin","European Defense Investor Network (EDIN)","f_vc","europeandefense.org","","A network of 35+ investors organising and educating European defence/dual-use capital — and supporting founders at the earliest stage."
"generalist","Generalist entrants (Lakestar, Balderton, 8VC, General Catalyst)","f_vc","","","Mainstream European and US VCs now actively backing UK/European defence and dual-use firms."
"baelaunchpad","BAE Systems Launchpad / FalconWorks","f_cvc","baesystems.com","","BAE's incubator/accelerator commercialising in-house R&D and university spin-outs, targeting new venture creation."
"airbusventures","Airbus Ventures","f_cvc","airbusventures.vc","","Airbus's venture capital arm investing in frontier aerospace, space and dual-use tech."
"mbdaventures","MBDA venture & incubation","f_cvc","mbda-systems.com","","MBDA's start-up engagement and venture activity in complex-weapons-adjacent tech."
"lmventures","Lockheed Martin Ventures","f_cvc","lockheedmartin.com","","Lockheed Martin's ~$1bn corporate VC investing in startups aligned to its platforms."
"diana_accel","NATO DIANA accelerator","f_accel","diana.nato.int","","The Alliance deep-tech accelerator — non-dilutive grants, mentoring and test access (see NATO branch)."
"plexal","Plexal","f_accel","plexal.com","","Innovation company running government-backed cyber and national-security programmes (e.g. NCSC For Startups, LORCA) from London and Cheltenham."
"cylon","CyLon / Epsilon","f_accel","cylonlab.com","","Long-running cyber-security accelerator and early-stage investor."
"starburst","Starburst Aerospace","f_accel","starburst.aero","","Global aerospace & defence accelerator, investor and strategic advisory firm."
"adastral","BT Adastral Park / Innovation Martlesham","f_accel","atadastral.co.uk","","ICT and secure-comms innovation cluster co-locating startups, BT research and government."
"dbt","Department for Business & Trade (DBT)","b_gov","GOV.UK","","Industrial strategy, exports and the health of the defence industrial base."
"dsit","Dept. for Science, Innovation & Technology (DSIT)","b_gov","GOV.UK","","National S&T strategy and the dual-use tech ecosystem; sponsors NSSIF; oversees UKRI."
"ukri","UK Research & Innovation (UKRI)","b_gov","ukri.org","","Public research & innovation funder underpinning the science base."
"ode","Office of Defence Exports","b_gov","","","Promotes UK defence exports with a whole-of-government offer; works with UKEF."
"ho","Home Office","b_gov","GOV.UK","","Security & policing technology customer with dual-use overlap; a DASA customer."
"hmt","HM Treasury","b_gov","GOV.UK","","Sets budgets and spending-review settlements that size the whole system."
"cabinet","Cabinet Office / National Security Secretariat","b_gov","GOV.UK","","Coordinates national security strategy across departments."
"fcdo","FCDO","b_gov","GOV.UK","","Foreign policy, diplomacy and export relationships."
"ecju","Export Control Joint Unit (ECJU)","b_gov","","","Licenses strategic and military exports; the gate for selling abroad."
"isu","Investment Security Unit (ISU)","b_gov","","","Screens acquisitions under the National Security & Investment Act."
"nato_hq","NATO Headquarters","b_nato","nato.int","","Political and military HQ of the Alliance; the North Atlantic Council sets strategy and coordinates collective defence."
"natoact","Allied Command Transformation (ACT / SACT)","b_nato","act.nato.int","","NATO's warfare development command — concepts, interoperability, experimentation and its Innovation Continuum (SHINE, Beacon)."
"aco","Allied Command Operations (SHAPE)","b_nato","shape.nato.int","","NATO's operational command; defines operational requirements. MARCOM and the Standing Naval Groups sit under it."
"diana_hq","DIANA Headquarters (London)","diana","diana.nato.int","","The programme's HQ, in the heart of the UK deep-tech ecosystem; runs challenge programmes, commercial guidance and defence-user engagement."
"diana_tallinn","DIANA Regional Hub (Tallinn)","diana","diana.nato.int","","DIANA's European regional hub, opened 2024 — connects the programme to the Baltic and Nordic deep-tech ecosystems."
"diana_halifax","DIANA North American Office (Halifax)","diana","diana.nato.int","","DIANA's North American office, linking the programme to Canadian and US innovation ecosystems."
"diana_accel_net","DIANA Accelerator Network","diana","diana.nato.int","","The ~16 accelerator sites that deliver DIANA's cohort programming — typically existing national accelerators, science parks and university hubs designated as DIANA sites (e.g. Tehnopol in Estonia, VTT in Finland, Palladion at UniBw Munich). Selected companies are placed at a site for their programme."
"diana_testcentres","DIANA Test Centre Network","diana","diana.nato.int","","180+ affiliated test centres across the allies where innovators de-risk, demonstrate and validate dual-use technology. The official site publishes the full country-by-country list; many centres (e.g. VTT, Fraunhofer, DLR, TÜBİTAK, INTA, CMRE) also appear elsewhere in this map as research bodies in their own right."
"ncia","NATO Communications & Information Agency (NCI Agency)","b_nato","ncia.nato.int","","NATO's C4ISR, cyber and IT acquisition and delivery agency; a major procurement channel via its NITEC industry engagement."
"nspa","NATO Support & Procurement Agency (NSPA)","b_nato","nspa.nato.int","","NATO's shared acquisition, logistics and life-cycle management agency; runs multinational support programmes."
"nato_sto","NATO Science & Technology Organization (STO)","b_nato","sto.nato.int","","The Alliance's collaborative defence science network; the largest of its kind, spanning seven technical panels."
"nato_cso","STO Collaboration Support Office (CSO)","b_nato","sto.nato.int","","Runs STO's collaborative research programme — technical teams, symposia and lecture series across the nations."
"nato_ocs","Office of the Chief Scientist","b_nato","nato.int","","Principal S&T adviser to NATO; steers the science and technology strategy."
"cmre","Centre for Maritime Research & Experimentation (CMRE)","b_nato","cmre.nato.int","","STO's sea-going maritime research centre — autonomy, undersea acoustics, AI and mine countermeasures."
"cnad","Conference of National Armaments Directors (CNAD)","b_nato","nato.int","","Senior forum where national armaments directors coordinate collaborative capability and armaments programmes."
"niag","NATO Industrial Advisory Group (NIAG)","b_nato","nato.int","","Channel for industry advice to the CNAD on armaments cooperation."
"nato_dipb","Defence Industrial Production Board (DIPB)","b_nato","nato.int","","Established under CNAD (2023) to boost Alliance production capacity and cohere demand; works with NIAG industry interface groups."
"nato_raap","Rapid Adoption Action Plan","b_nato","nato.int","","Endorsed at the 2025 Hague Summit — commits the Alliance to adopting new tech into forces within 24 months, operationalised via DIANA's Rapid Adoption Service."
"nato_gpss","NATO General Procurement Shared Services (GPSS)","b_nato","nato.int","","Consolidates the procurement requirements of multiple NATO entities to leverage economies of scale."
"nato_edt","Advisory Group on Emerging & Disruptive Technologies","b_nato","nato.int","","External expert advice to NATO on EDTs; feeds the AI, autonomy, quantum, space and biotech strategies."
"jwc","Joint Warfare Centre (JWC)","b_nato","jwc.nato.int","","Trains and exercises NATO commands; collective warfare development and experimentation."
"jftc","Joint Force Training Centre (JFTC)","b_nato","jftc.nato.int","","Delivers joint and combined training for the Alliance."
"jallc","Joint Analysis & Lessons Learned Centre (JALLC)","b_nato","jallc.nato.int","","NATO's analysis and lessons-learned centre, feeding transformation."
"jatec","NATO-Ukraine Joint Analysis, Training & Education Centre (JATEC)","b_nato","nato.int","","Draws battlefield lessons from Ukraine into NATO capability development."
"nato_coe","Centres of Excellence (COEs)","b_nato","nato.int","","Network of 30+ nationally-sponsored specialist COEs — e.g. CCDCOE (cyber, Tallinn), CMDR, StratCom (Riga), CIED, Cold Weather Operations and Maritime Security."
"nato_nif_ref","NATO Innovation Fund (NIF)","b_nato","nif.fund","","The Alliance's multi-sovereign VC (see Funding branch) — the capital arm of the NATO innovation ecosystem alongside DIANA."
"eda","European Defence Agency (EDA)","eu_inst","eda.europa.eu","","EU agency for capability development, research and collaborative armaments; now also aggregating member-state equipment demand."
"eu_defcom","Commissioner for Defence & Space / DG DEFIS","eu_inst","defence-industry-space.ec.europa.eu","","The EU's first Defence Commissioner (created 2024) and the directorate driving defence-industrial policy."
"defis","European Commission — DG DEFIS","eu_inst","defence-industry-space.ec.europa.eu","","Commission directorate for defence industry and space; runs EU defence-industrial policy."
"eu_safe","SAFE — Security Action for Europe","eu_inst","defence-industry-space.ec.europa.eu","","€150bn loan instrument (adopted May 2025) financing joint procurement in priority areas — missile defence, drones, cyber; first pillar of ReArm Europe."
"eu_readiness","Readiness 2030 / White Paper (ReArm Europe)","eu_inst","defence-industry-space.ec.europa.eu","","The 2025 framework mobilising up to €800bn for European defence and setting capability priorities to 2030."
"eu_edis","EDIS — Defence Industrial Strategy","eu_inst","defence-industry-space.ec.europa.eu","","The EU's first defence-industrial strategy (2024), setting the direction for a stronger, more integrated EDTIB."
"edf","European Defence Fund (EDF)","eu_inst","defence-industry-space.ec.europa.eu","","The EU's flagship R&D and capability co-funding instrument, delivered via DG DEFIS."
"eudis","EUDIS — EU Defence Innovation Scheme","eu_inst","eudis.eu","","The EDF's innovation strand: challenges, hackathons, a business accelerator and matchmaking for start-ups and SMEs."
"edip","EDIP / EDIRPA","eu_inst","defence-industry-space.ec.europa.eu","","Instruments incentivising joint procurement and scaling the EU defence-industrial base."
"asap_eu","ASAP (ammunition production)","eu_inst","defence-industry-space.ec.europa.eu","","Act in Support of Ammunition Production — boosts EU munitions manufacturing capacity."
"occar","OCCAR","eu_inst","occar.int","","European joint armaments organisation managing collaborative programmes (e.g. Boxer, A400M)."
"pesco","PESCO","eu_inst","pesco.europa.eu","","EU Permanent Structured Cooperation — collaborative capability projects among member states."
"satcen","EU Satellite Centre (SatCen)","eu_inst","satcen.europa.eu","","EU geospatial intelligence and space-based imagery service."
"asd","ASD Europe","eu_inst","asd-europe.org","","AeroSpace, Security & Defence Industries Association of Europe — the pan-European industry voice."
"fr_dga","DGA (Direction générale de l'armement)","eu_fr","defense.gouv.fr","","France's powerful defence procurement and technology agency."
"fr_aid","Agence de l'Innovation de Défense (AID)","eu_fr","defense.gouv.fr","","France's defence innovation agency — coordinates S&T, runs challenges and rapid innovation."
"fr_definvest","Definvest","eu_fr","bpifrance.fr","","Defence-investment fund (with Bpifrance) backing strategic French defence SMEs."
"fr_onera","ONERA","eu_fr","onera.fr","","The French aerospace research centre."
"fr_cnes","CNES","eu_fr","cnes.fr","","France's space agency; military space in partnership with the CDE (Commandement de l'Espace)."
"fr_dassault","Dassault Aviation","eu_fr","dassault-aviation.com","","Combat air prime — Rafale fighter and lead on the FCAS/NGF."
"fr_thales","Thales","eu_fr","thalesgroup.com","","France's defence-electronics giant — radar, optronics, C4ISR, cyber and secure communications."
"fr_naval","Naval Group","eu_fr","naval-group.com","","France's naval prime — submarines and surface combatants (35% Thales-owned)."
"fr_knds","KNDS France (Nexter)","eu_fr","knds.fr","","Land-systems prime — Caesar howitzer, Leclerc tank and the MGCS programme."
"fr_safran","Safran","eu_fr","safran-group.com","","Aero-engines, optronics and electronics (Safran Electronics & Defense)."
"fr_mbda","MBDA France","eu_fr","mbda-systems.com","","French arm of the European complex-weapons champion."
"fr_arianegroup","ArianeGroup","eu_fr","ariane.group","","France's strategic and space launchers, including the submarine-launched deterrent (M51)."
"fr_eurenco","Eurenco","eu_fr","eurenco.com","","Powders, explosives and energetic materials for munitions."
"fr_exail","Exail","eu_fr","exail.com","","Robotics, autonomy, navigation and drones (formerly ECA/iXblue)."
"fr_arquus","Arquus","eu_fr","arquus-defense.com","","Military land vehicles and mobility."
"de_baainbw","BAAINBw","eu_de","baainbw.de","","Federal Office for Bundeswehr Equipment, IT and In-Service Support — German defence procurement, now moving to an agile matrix structure."
"de_cihbw","Cyber Innovation Hub (CIHBw)","eu_de","cyberinnovationhub.de","","The Bundeswehr's innovation ‘do-tank’, bridging start-ups and the German armed forces."
"de_izbw","Innovationszentrum Bundeswehr","eu_de","bundeswehr.de","","New armed-forces innovation centre network (Erding/space, Kiel/naval, Bremen, Dresden/IT) launched 2026."
"de_bwi","BWI","eu_de","bwi.de","","The Bundeswehr's IT systems house delivering digital capability."
"de_dtec","dtec.bw / Cyber Cluster","eu_de","dtecbw.de","","Bundeswehr universities' research and transfer centre for dual-use tech."
"de_dlr","DLR","eu_de","dlr.de","","The German aerospace centre — aeronautics, space and security research."
"de_fraunhofer","Fraunhofer VVS (defence institutes)","eu_de","vvs.fraunhofer.de","","Fraunhofer's defence- and security-research institute group."
"de_rheinmetall","Rheinmetall","eu_de","rheinmetall.com","","Germany's largest defence company — armoured vehicles (Leopard, Boxer, Lynx), ammunition and air defence."
"de_knds","KNDS Deutschland","eu_de","knds.com","","Krauss-Maffei Wegmann side of KNDS — Leopard 2, PzH 2000 and the MGCS main battle tank programme."
"de_hensoldt","HENSOLDT","eu_de","hensoldt.net","","Sensor prime — radar, electronic warfare and optronics."
"de_diehl","Diehl Defence","eu_de","diehl.com","","Effectors and air defence (IRIS-T family)."
"de_mbdade","MBDA Deutschland","eu_de","mbda-systems.com","","German arm of the European missile champion — air defence and guided weapons."
"de_tkms","thyssenkrupp Marine Systems (TKMS)","eu_de","thyssenkrupp-marinesystems.com","","Submarines (Type 212/214) and naval surface vessels."
"de_hk","Heckler & Koch","eu_de","heckler-koch.com","","Small arms — rifles, pistols and grenade launchers."
"de_renk","Renk","eu_de","renk.com","","Military transmissions and drive systems for tanks and naval vessels."
"de_helsing","Helsing","eu_de","helsing.ai","","AI for defence — strike drones, electronic warfare and battlefield software; a leading European defence-tech firm."
"de_quantum","Quantum Systems","eu_de","quantum-systems.com","","Reconnaissance UAS (Vector) used by Ukraine and NATO forces."
"de_arx","ARX Robotics","eu_de","arxrobotics.com","","Uncrewed ground vehicles and autonomy for land forces."
"it_segredifesa","Segredifesa / DNA","eu_it","difesa.it","","Italy's Secretariat General of Defence and National Armaments Directorate — the procurement authority."
"it_leonardo","Leonardo","eu_it","leonardo.com","","Italy's anchor prime — helicopters (AW family), defence electronics, aircraft, and European lead on GCAP; ~300 SMEs sit around it."
"it_leonardo_labs","Italian defence research (CNR / CINECA links)","eu_it","difesa.it","","National research and HPC partnerships feeding defence S&T."
"it_fincantieri","Fincantieri","eu_it","fincantieri.com","","Europe's largest shipbuilder — frigates (FREMM), submarines (U212) and the underwater technology hub."
"it_mbdait","MBDA Italia","eu_it","mbda-systems.com","","Italian arm of the European missile champion (CAMM-ER, Aster, Marte)."
"it_elt","ELT Group (Elettronica)","eu_it","elettronicagroup.com","","Electronic warfare and defence electronics."
"it_avio","Avio","eu_it","avio.com","","Solid-rocket propulsion and space launch (Vega)."
"it_idv","Leonardo IDV (Iveco Defence Vehicles)","eu_it","ivecodefencevehicles.com","","Military land vehicles (Ariete, ASTRA) — acquired by Leonardo in 2025; basis of the Leonardo-Rheinmetall JV."
"it_beretta","Beretta Defence Technologies","eu_it","beretta.com","","The world's oldest firearms maker (1526) — small arms across Beretta, Benelli and Sako."
"it_rwm","RWM Italia (Rheinmetall)","eu_it","rwm-italia.com","","Munitions, bombs and energetic materials (Rheinmetall's Italian arm)."
"it_orizzonte","Orizzonte Sistemi Navali","eu_it","orizzontesn.it","","Fincantieri–Leonardo naval design and systems JV."
"nl_dmo","Defence Materiel Organisation (DMO)","eu_nl","defensie.nl","","Dutch defence procurement and materiel organisation, under the Ministry of Defence."
"nl_tno","TNO — Defence, Safety & Security","eu_nl","tno.nl","","Independent applied-research organisation with a major defence programme."
"nl_nldatahub","Netherlands Defence Innovation (NLD DIH)","eu_nl","defensie.nl","","Dutch defence innovation hub connecting start-ups, knowledge institutes and the armed forces."
"nl_damen","Damen Naval","eu_nl","damen.com","","Naval shipbuilder — frigates (ASWF), patrol and support vessels (Vlissingen)."
"nl_thalesnl","Thales Nederland","eu_nl","thalesgroup.com","","Naval radar (SMART-L MM, APAR), combat systems and sensors (Hengelo)."
"nl_fokker","Fokker (GKN Aerospace)","eu_nl","gknaerospace.com","","Aerostructures and F-35 component manufacture; Dutch aerospace heritage."
"nl_defenture","Defenture","eu_nl","defenture.com","","Lightweight air-transportable tactical vehicles (GRF/Vector)."
"nl_nlr","Royal NLR","eu_nl","nlr.org","","Netherlands Aerospace Centre — applied aerospace research."
"se_fmv","Sweden — FMV","eu_nordic","fmv.se","","Swedish Defence Materiel Administration — procurement and life-cycle management."
"se_foi","Sweden — FOI","eu_nordic","foi.se","","Swedish Defence Research Agency."
"se_innovation","Sweden — Defence Innovation Function","eu_nordic","forsvarsmakten.se","","New unified innovation function (Armed Forces with FMV, FOI and Vinnova) to field solutions in months."
"se_saab","Sweden — Saab","eu_nordic","saab.com","","Sweden's prime — Gripen fighters, GlobalEye AEW&C, missiles, sensors and submarines (Kockums)."
"se_kockums","Sweden — Saab Kockums","eu_nordic","saab.com","","Submarines (A26/Blekinge) and surface combatants."
"se_hagglunds","Sweden — BAE Systems Hägglunds","eu_nordic","baesystems.com","","Tracked combat vehicles (CV90, BvS10)."
"se_bofors","Sweden — BAE Systems Bofors","eu_nordic","baesystems.com","","Artillery (Archer) and precision munitions (Excalibur, BONUS)."
"se_gkn","Sweden — GKN Aerospace Sweden","eu_nordic","gknaerospace.com","","Military aero-engine components and propulsion (Trollhättan)."
"no_ndma","Norway — Defence Materiel Agency (NDMA)","eu_nordic","forsvarsmateriell.no","","Norwegian defence materiel and procurement agency."
"no_ffi","Norway — FFI","eu_nordic","ffi.no","","Norwegian Defence Research Establishment — drives triaxial gov–industry–research innovation."
"no_nammo","Norway — Nammo","eu_nordic","nammo.com","","Ammunition, rocket motors and energetics (Norwegian–Finnish state-owned)."
"no_kongsberg","Norway — Kongsberg Defence & Aerospace","eu_nordic","kongsberg.com","","Norway's prime — the Naval Strike Missile/JSM, remote weapon stations and C4ISR."
"no_andoya","Norway — Andøya Space Defence","eu_nordic","andoyaspace.no","","Sounding-rocket range and test facility supporting defence and space."
"no_kda_ventures","Norway — defence innovation & test","eu_nordic","forsvarsmateriell.no","","National test ranges and innovation routes linking FFI, industry and the armed forces."
"fi_puolustus","Finland — Defence Forces Logistics Command","eu_nordic","logistiikkalaitos.fi","","Finland's central authority for defence materiel acquisition, availability and system readiness."
"fi_patria","Finland — Patria","eu_nordic","patriagroup.com","","Finland's largest defence company — armoured vehicles (6x6/AMV), aviation MRO, C4ISR and mortars; state-owned (50.1%) with Kongsberg."
"fi_millog","Finland — Millog","eu_nordic","millog.fi","","Strategic maintenance partner to the Finnish Defence Forces for land, naval and sensor systems (Patria/Insta owned)."
"fi_insta","Finland — Insta Group","eu_nordic","insta.fi","","Defence electronics, C4ISR, cyber and life-cycle support; a strategic FDF partner."
"fi_bittium","Finland — Bittium","eu_nordic","bittium.com","","Secure tactical communications, software-defined radios and data-link systems (iMUGS2, Nordic C4I)."
"fi_sako","Finland — SAKO / Beretta Defence","eu_nordic","sako.fi","","Small arms and ammunition manufacturer."
"fi_nammo","Finland — Nammo (Finnish stake)","eu_nordic","nammo.com","","Ammunition and rocket motors; jointly owned by Patria and the Norwegian state."
"fi_vtt","Finland — VTT Technical Research Centre","eu_nordic","vttresearch.com","","National applied-research centre delivering defence S&T, sensing and dual-use technology."
"fi_decoi","Finland — DECOI (Nordic defence convening)","eu_nordic","patriagroup.com","","Patria-backed event connecting Finnish and Nordic defence firms, SMEs and research for exportable, NATO-aligned tech."
"dk_dalo","Denmark — DALO","eu_nordic","fmi.dk","","Danish Defence Acquisition & Logistics Organisation (FMI) — buys, maintains and phases out all Danish military equipment."
"dk_eifo","Denmark — EIFO","eu_nordic","eifo.dk","","Denmark's export and investment fund, active in defence and dual-use finance."
"dk_terma","Denmark — Terma","eu_nordic","terma.com","","Denmark's largest defence company — aerostructures (F-35), radar, self-protection and 30-year air-defence system integrator."
"dk_weibel","Denmark — Weibel Scientific","eu_nordic","weibel.dk","","Advanced Doppler radar for missile defence and space surveillance."
"dk_systematic","Denmark — Systematic","eu_nordic","systematic.com","","Battle-management software (SitaWare) used across NATO."
"dk_gomspace","Denmark — GomSpace","eu_nordic","gomspace.com","","Small-satellite and nanosatellite systems for defence and space."
"dk_dronecentre","Denmark — Odense drone centre / Acceleration Fund","eu_nordic","fmi.dk","","New national drone-training centre and a fast-track Acceleration Fund for rapid modernisation."
"ee_ecsc","Estonia — Estonian Centre for Defence Investment (ECDI/RKIK)","eu_baltic","kaitseinvesteeringud.ee","","Estonia's central defence procurement and investment agency."
"ee_defai","Estonia — MoD innovation & accelerateEstonia","eu_baltic","kaitseministeerium.ee","","Estonian MoD innovation efforts, a €100M+ defence fund and a fast-growing dual-use base."
"ee_milrem","Estonia — Milrem Robotics","eu_baltic","milremrobotics.com","","Europe's leading uncrewed ground vehicles (THeMIS, Type-X); leads the EU iMUGS programme."
"ee_threod","Estonia — Threod Systems","eu_baltic","threod.com","","Uncrewed aerial systems and drone launchers."
"ee_frankenburg","Estonia — Frankenburg Technologies","eu_baltic","frankenburg.tech","","Low-cost attritable interceptor missiles for air defence."
"ee_cyber","Estonia — Guardtime & Cybernetica","eu_baltic","guardtime.com","","Cyber, cryptography and distributed-verification firms anchoring Estonia's cyber base."
"ee_cr14","Estonia — CR14","eu_baltic","cr14.ee","","NATO-linked cyber range for training, exercises (Locked Shields) and defence-technology testing."
"ee_krattworks","Estonia — KrattWorks","eu_baltic","krattworks.com","","Reconnaissance and strike drones resistant to jamming; used in Ukraine."
"ee_ermistu","Estonia — Ermistu Defence Industrial Park","eu_baltic","kaitseinvesteeringud.ee","","Estonia's first dedicated ammunition-production park (from Dec 2025) — Nitrotol, Frankenburg, Infinitum Strike and Odin Defence."
"ee_edia","Estonia — Defence Industry Association (EDIA)","eu_baltic","defence.ee","","Association of ~200 Estonian defence firms; strong European Defence Fund participation."
"lv_vamoc","Latvia — National Defence Logistics & Procurement Centre","eu_baltic","mod.gov.lv","","Latvia's centralised defence procurement and materiel-supply authority, under the Ministry of Defence."
"lv_ascc","Latvia — Autonomous Systems Competence Centre","eu_baltic","mod.gov.lv","","Latvian Armed Forces centre for fielding and evaluating autonomous and counter-UAS systems at scale."
"lv_origin","Latvia — Origin Robotics","eu_baltic","origin-robotics.com","","Autonomous interceptor drones (BLAZE — first NATO-codified autonomous interceptor) and the BEAK precision munition."
"lv_edge","Latvia — Edge Autonomy","eu_baltic","edgeautonomy.io","","Uncrewed aerial systems and long-endurance ISR platforms; supplies across the Baltics and Ukraine."
"lv_defsecintel","Latvia — DefSecIntel Solutions","eu_baltic","defsecintel.com","","Counter-UAS, surveillance and autonomous border-security systems (EIRSHIELD)."
"lv_liaa","Latvia — Investment & Development Agency (LIAA, defence)","eu_baltic","liaa.gov.lv","","National agency supporting the growth and export of Latvia's defence-industry base."
"lt_dmf","Lithuania — Defence Materiel Agency","eu_baltic","kam.lt","","Lithuania's central defence materiel and acquisition agency, under the Ministry of National Defence."
"lt_granta","Lithuania — Granta Autonomy","eu_baltic","grantaautonomy.com","","FPV and reconnaissance drones; thousands delivered to the Lithuanian and Ukrainian armed forces."
"lt_deftools","Lithuania — Deftools","eu_baltic","deftools.eu","","Micro-class quadcopters and drone systems for the armed forces."
"lt_brolis","Lithuania — Brolis Defence / Semiconductors","eu_baltic","brolis-semicon.com","","Laser and photonics technology for sensing, countermeasures and communications."
"lt_ndma_ecosystem","Lithuania — defence-tech ecosystem","eu_baltic","kam.lt","","Government co-financing, rapid testing and investor-friendly rules driving drones, secure comms, sensors and space."
"lt_nib","Baltic dual-use finance (NIB facility)","eu_baltic","nib.int","","Nordic Investment Bank credit facilities funding Baltic defence tech (counter-drone, cyber, IT)."
"pl_armament","Poland — Armament Agency","eu_central","wojsko-polskie.pl","","Poland's central defence procurement agency (Agencja Uzbrojenia)."
"pl_wb","Poland — Łukasiewicz / research network","eu_central","lukasiewicz.gov.pl","","Polish research network driving domestic innovation and technology transfer."
"pl_pgz","Poland — PGZ (Polska Grupa Zbrojeniowa)","eu_central","grupapgz.pl","","Poland's state defence-industrial group — 50+ companies across land, air, naval and munitions; centre of Europe's ammunition build-out."
"pl_wbgroup","Poland — WB Group","eu_central","wbgroup.pl","","Poland's largest private defence firm — drones (Warmate, FlyEye), C4I (TOPAZ) and comms (FONET); ~90% of drone output exported."
"pl_hsw","Poland — Huta Stalowa Wola (HSW)","eu_central","hsw.pl","","Tracked vehicles and artillery — Krab howitzer, Borsuk IFV and Rak mortar (PGZ)."
"pl_bumar","Poland — ZM Bumar-Łabędy","eu_central","bumar.gliwice.pl","","K2PL tank production and Leopard/PT-91 servicing (PGZ)."
"pl_rosomak","Poland — Rosomak","eu_central","rosomak.eu","","Wheeled armoured personnel carriers (KTO Rosomak 8x8) (PGZ)."
"pl_mesko","Poland — Mesko","eu_central","mesko.com.pl","","Ammunition, rocket motors and the Piorun VSHORAD missile (PGZ)."
"pl_pitradwar","Poland — PIT-RADWAR","eu_central","pitradwar.com","","Radar, air-defence and C2 electronics (PGZ)."
"pl_pco","Poland — PCO","eu_central","pcosa.com.pl","","Night-vision, optronics and targeting systems (PGZ)."
"pl_stocznia","Poland — PGZ Stocznia Wojenna","eu_central","pgzsw.pl","","Naval shipbuilding — the Miecznik frigate and Orka submarine programmes (PGZ)."
"cz_avz","Czechia — Defence Armament & Acquisition Agency","eu_central","army.cz","","Czech defence procurement agency, under the Ministry of Defence."
"cz_csg","Czechia — Czechoslovak Group (CSG)","eu_central","czechoslovakgroup.cz","","Fast-growing defence-industrial group — vehicles, ammunition and systems (Tatra Defence, Excalibur Army)."
"cz_coltcz","Czechia — Colt CZ Group","eu_central","coltczgroup.com","","Firearms and small arms (CZ, Colt); expanding into ammunition."
"cz_vop","Czechia — VOP CZ","eu_central","vop.cz","","State-owned enterprise — ground-vehicle manufacture, servicing and modernisation (CV90 partner)."
"cz_lom","Czechia — LOM Praha","eu_central","lompraha.cz","","State-owned enterprise — helicopter overhaul, upgrades and military flight training."
"cz_aero","Czechia — Aero Vodochody","eu_central","aero.cz","","Aircraft manufacturer — the L-39NG jet trainer and aerostructures."
"cz_vtu","Czechia — Military Research Institutes (VTÚ / VVÚ)","eu_central","vtusp.cz","","State military technical and research institutes feeding Czech defence S&T."
"es_dgam","Spain — DGAM","eu_central","defensa.gob.es","","Directorate-General for Armament and Materiel — Spanish procurement."
"es_navantia","Spain — Navantia","eu_central","navantia.es","","State naval prime — frigates (F-110), submarines (S-80) and the LHD."
"es_indra","Spain — Indra","eu_central","indracompany.com","","Defence electronics, radar, EW and systems; a leading Spanish prime and FCAS pillar lead."
"es_santabarbara","Spain — Santa Bárbara Sistemas (GDELS)","eu_central","gdels.com","","Land combat vehicles (part of General Dynamics European Land Systems)."
"es_escribano","Spain — Escribano M&E / EM&E","eu_central","escribano.aero","","Optronics, remote weapon stations and precision systems; part of the EM&E group with Expal munitions."
"es_sener","Spain — SENER Aeroespacial","eu_central","aeroespacial.sener","","Systems engineering for space, guidance and defence."
"es_gmv","Spain — GMV","eu_central","gmv.com","","Space, C4ISR, cybersecurity and navigation systems."
"es_tecnobit","Spain — Tecnobit (Grupo Oesía)","eu_central","grupooesia.com","","Electro-optics, avionics, communications and simulation."
"pt_idd","Portugal — idD Portugal Defence","eu_central","iddportugal.pt","","State holding platform for the defence industrial base; manages state holdings and connects the armed forces, companies and research (NATO Innovation Fund partner)."
"pt_dgrdn","Portugal — DGRDN","eu_central","defesa.gov.pt","","Directorate-General for National Defence Resources — Portuguese defence resources and procurement."
"pt_ogma","Portugal — OGMA","eu_central","ogma.pt","","Aerostructures and aircraft MRO; authorised maintenance centre for Embraer, Lockheed Martin and Rolls-Royce; builds KC-390 sections."
"pt_edisoft","Portugal — Thales Edisoft","eu_central","edisoft.pt","","Combat systems, C2 software and systems integration across naval, air, space and cyber (Thales/idD)."
"pt_eid","Portugal — EID","eu_central","eid.pt","","Naval, tactical and military communications and systems integration (80% Cohort UK)."
"pt_arsenal","Portugal — Arsenal do Alfeite","eu_central","arsenaldoalfeite.pt","","State naval shipyard — construction, repair and modernisation."
"pt_tekever","Portugal — Tekever","eu_central","tekever.com","","Uncrewed aerial systems and AI-enabled ISR; a European defence-tech unicorn."
"pt_critical","Portugal — Critical Software","eu_central","criticalsoftware.com","","Safety- and mission-critical software for defence, space and security."
"ro_mapn","Romania — Ministry of National Defence (MApN)","eu_central","mapn.ro","","Plans and executes Romania's major NATO-standard acquisition programmes; contracts supervised by the National Agency for Public Procurement."
"ro_romarm","Romania — ROMARM","eu_central","romarm.ro","","Romania's state-owned defence industrial conglomerate (15 subsidiaries)."
"ro_aerostar","Romania — Aerostar","eu_central","aerostar.ro","","Aircraft MRO, upgrades and aerostructures."
"ro_romaero","Romania — Romaero","eu_central","romaero.com","","Aerostructures and aircraft maintenance (Bucharest)."
"ro_iar","Romania — IAR Brașov","eu_central","iar.ro","","Helicopter manufacture and MRO (IAR-330 Puma; H215 with Airbus)."
"ro_electromecanica","Romania — Electromecanica Ploiești","eu_central","elmec.ro","","Missiles, munitions and defence electro-mechanical systems."
"fr_gicat","France — GICAT / GIFAS / GICAN","eu_central","gicat.com","","France's defence-industry associations — land (GICAT), aerospace (GIFAS) and naval (GICAN); the gateway and voice for French industry."
"de_bdsv","Germany — BDSV / BDLI","eu_central","bdsv.eu","","Federation of German Security & Defence Industries (BDSV) and the aerospace association (BDLI) — the entry point and advocate for German firms."
"it_aiad","Italy — AIAD","eu_central","aiad.it","","Federation of Italian companies for aerospace, defence and security — the national industry association."
"es_tedae","Spain — TEDAE","eu_central","tedae.org","","Spanish association of defence, aeronautics, security and space technology companies."
"nl_nidv","Netherlands — NIDV","eu_central","nidv.eu","","The Netherlands Industries for Defence & Security foundation — matchmaking between government, knowledge institutes and industry."
"se_soff","Sweden — SOFF","eu_central","soff.se","","Swedish Security & Defence Industry Association — the collective voice and gateway for Swedish firms."
"no_fsi","Norway — FSi","eu_central","fsi.no","","Norwegian Defence and Security Industries Association — connects industry, the armed forces and government."
"fi_afda","Finland — AFDA (PIA)","eu_central","afda.fi","","Association of Finnish Defence and Aerospace Industries — the national industry gateway."
"dk_fad","Denmark — FAD","eu_central","fad.di.dk","","Danish Defence and Security Industries Association (part of DI)."
"be_bsdi","Belgium — BSDI (Agoria)","eu_central","agoria.be","","Belgian Security & Defence Industry group within Agoria — the sector's national representation."
"pl_piit","Poland — Polish Defence Industry Chamber (PIiP)","eu_central","przemysl-obronny.pl","","Poland's chamber of defence manufacturers — the national industry association and gateway."
"cz_aobp","Czechia — AOBP","eu_central","aobp.cz","","Defence & Security Industry Association of the Czech Republic — the national industry body."
"gr_sekpy","Greece — SEKPY","eu_central","sekpy.gr","","Hellenic Manufacturers of Defence Material Association — Greece's industry gateway."
"pt_danotec","Portugal — AED Cluster / DANOTEC","eu_central","aedcluster.com","","Portugal's aeronautics, space and defence cluster and industry associations."
"sk_mosr","Slovakia — Ministry of Defence (MO SR)","eu_central","mosr.sk","","Slovakia's defence procurement and acquisition authority; the sector contributed ~€2bn to GDP in 2025 and is expanding fast."
"sk_konstrukta","Slovakia — Konštrukta-Defence","eu_central","kotadef.sk","","State artillery designer — the Zuzana 2 155mm self-propelled howitzer (in service with Slovakia, Cyprus and Ukraine); part of DMD Group."
"sk_msm","Slovakia — MSM Group (CSG)","eu_central","msm.sk","","Ammunition, land systems and MRO — part of Czech CSG; runs MSM Land Systems and co-controls ZVS Holding; central to Slovakia's munitions expansion."
"sk_zts","Slovakia — ZTS-Špeciál / DMD Group","eu_central","dmdgroup.sk","","State defence-industrial holding — vehicles, weapons and the SAM-120 self-propelled mortar."
"sk_zvs","Slovakia — ZVS Holding","eu_central","zvsholding.sk","","Ammunition and munitions; central to Slovakia's large-calibre expansion."
"hu_hm","Hungary — Ministry of Defence / Defence Procurement","eu_central","kormany.hu","","Hungary's defence procurement, modernising under the Zrínyi programme."
"hu_n7","Hungary — N7 Defence (4iG)","eu_central","n7holding.com","","Hungary's first mixed public-private defence holding — small arms, munitions and MRO."
"hu_rheinmetall","Hungary — Rheinmetall Hungary","eu_central","rheinmetall.com","","Lynx IFV production (Zalaegerszeg) and munitions plants (Várpalota, Szeged)."
"bg_mod","Bulgaria — Ministry of Defence","eu_central","mod.bg","","Bulgaria's defence procurement authority."
"bg_vmz","Bulgaria — VMZ Sopot","eu_central","vmz.bg","","Bulgaria's largest state armaments factory (est. 1936) — ammunition, rockets and munitions; a 155mm gunpowder & shell joint venture with Rheinmetall was agreed in 2025 (SAFE-funded, targeted ~2027), though its structure was under review in early 2026."
"bg_arsenal","Bulgaria — Arsenal","eu_central","arsenal-bg.com","","Small arms and ammunition — one of the Balkans' largest producers."
"bg_kintex","Bulgaria — Kintex","eu_central","kintex.bg","","State defence trading and export company."
"hr_morh","Croatia — Ministry of Defence (MORH)","eu_central","morh.hr","","Croatia's defence procurement authority."
"hr_dok","Croatia — DOK-ING","eu_central","dok-ing.hr","","Unmanned ground vehicles and demining robots (~80% of the world's robotic mine-clearing machines); now in a Rheinmetall unmanned-vehicles joint venture."
"hr_hs","Croatia — HS Produkt","eu_central","hs-produkt.hr","","Firearms manufacturer — the VHS bullpup rifle and the basis of the Springfield XD/HS9 pistols; a major exporter."
"hr_djd","Croatia — Đuro Đaković","eu_central","duro-dakovic.com","","Armoured-vehicle assembly and modernisation (Bradley, Patria AMV, M-84/Degman); cooperating with KNDS."
"hr_koncar","Croatia — Končar (SKYctrl)","eu_central","koncar.hr","","Counter-UAS systems (SKYctrl), radar, sensors and jamming — a growing Croatian C-UAS integrator."
"hr_orqa","Croatia — Orqa","eu_central","orqafpv.com","","FPV drones, controllers and goggles — dual-use systems relevant to the drone fight in Ukraine."
"hr_sestan","Croatia — Šestan-Busch","eu_central","sestan-busch.com","","Ballistic protection — combat helmets, body armour and vests, exported widely."
"si_mors","Slovenia — Ministry of Defence (MORS)","eu_central","gov.si","","Slovenia's defence procurement authority; an ESSI/air-defence participant."
"si_industry","Slovenia — defence industry (GIZ-DVI)","eu_central","giz-dvi.si","","Slovenia's defence-industry cluster — vehicles, optronics and components."
"si_valhalla","Slovenia — Valhalla Turrets","eu_central","valhallaturrets.com","","Remote weapon stations and turrets (the Mangart family), including counter-UAS air-defence variants."
"al_mod","Albania — Ministry of Defence","eu_central","mod.gov.al","","Albania's defence procurement authority; NATO member since 2009."
"al_kado","Albania — KAYO / MEICO","eu_central","kayo.al","","KAYO (est. 2024) is the state defence company reviving the Gramsh, Poliçan and Mjekës plants for ammunition and vehicles; MEICO handles defence export/import."
"al_akcesk","Albania — AKCESK / AKSHI (cyber)","eu_central","cesk.gov.al","","National cybersecurity authority (AKCESK) and information-society agency (AKSHI) — Albania's cyber-defence hubs, EU-supported."
"mk_mod","North Macedonia — Ministry of Defence","eu_central","mod.gov.mk","","North Macedonia's defence procurement authority; NATO member since 2020, ~2% GDP defence spend."
"mk_eurokompozit","North Macedonia — Eurokompozit","eu_central","eurokompozit.com.mk","","Ballistic protection and composite armour — the country's principal defence manufacturer (Prilep)."
"me_mod","Montenegro — Ministry of Defence","eu_central","vojska.me","","Montenegro's defence procurement authority; NATO member since 2017, integrated into NATO air policing (Italian/Greek)."
"lu_def","Luxembourg — Directorate of Defence","eu_central","defense.gouvernement.lu","","Luxembourg's defence directorate — a major per-capita funder of multinational capability; runs a Defence Space Strategy and hosts NSPA in Capellen."
"lu_govsat","Luxembourg — GovSat / LuxGovSat","eu_central","govsat.lu","","Secure military satellite communications (GovSat-1, GovSat-2 from 2025) — a 50/50 government–SES joint venture serving Luxembourg, NATO, EU and US forces."
"lu_lsa","Luxembourg — Space Agency (LSA)","eu_central","space-agency.public.lu","","National space agency backing dual-use space capabilities and the defence-relevant space sector."
"is_lcg","Iceland — Coast Guard (defence operations)","eu_central","government.is","","Iceland has no standing army; the Coast Guard runs operational defence — the NATO Iceland Air Defence System, radar sites, Keflavík base and host-nation support."
"is_dir","Iceland — Directorate for Defence (MFA)","eu_central","government.is","","The defence authority within the Ministry for Foreign Affairs; a 2025 interagency coordination structure oversees policy, procurement and subsea-cable protection (incl. an unmanned surveillance submarine and counter-drone equipment)."
"is_cert","Iceland — CERT-IS","eu_central","cert.is","","National computer emergency response team — cyber defence and critical-infrastructure protection."
"gr_gdaeed","Greece — GDAEED / GDDIA","eu_central","mod.mil.gr","","Greek General Directorate for Defence Investments & Armaments — procurement and armaments."
"gr_eab","Greece — Hellenic Aerospace Industry (EAB/HAI)","eu_central","haicorp.com","","Greece's aerospace prime — MRO, aerostructures and systems for Boeing, Airbus, Lockheed and others."
"gr_eas","Greece — Hellenic Defence Systems (EAS)","eu_central","eas.gr","","State-owned munitions, small arms and artillery manufacturer."
"gr_intracom","Greece — Intracom Defense (IAI)","eu_central","intracomdefense.com","","Missile electronics, C4ISR and hybrid-energy systems; a subcontractor to MBDA, Diehl and Raytheon (IAI-owned since 2023)."
"gr_eodh","Greece — EODH","eu_central","eodh.com","","Advanced armour and survivability solutions for main battle tanks and armoured vehicles (ASPIS)."
"gr_theon","Greece — Theon Sensors","eu_central","theon.com","","Night-vision and electro-optical systems — a leading European exporter."
"be_dgmr","Belgium — Defence, General Directorate Material Resources (DG MR)","eu_central","mil.be","","Belgium's defence procurement and materiel directorate."
"be_cockerill","Belgium — John Cockerill Defense","eu_central","johncockerill.com","","Medium-calibre turrets and land weapon systems for armoured vehicles."
"be_fnherstal","Belgium — FN Herstal","eu_central","fnherstal.com","","World-leading small arms, integrated weapon systems and ammunition."
"be_thalesbe","Belgium — Thales Belgium","eu_central","thalesgroup.com","","Rockets, C4ISR and communications (Belgian arm of Thales)."
"be_star","Belgium — Defence, Industry & Research Strategy (STAR)","eu_central","mil.be","","National plan aligning defence spending with Belgian industry and R&D participation."
"be_sck","Belgium — SCK CEN / research base","eu_central","sckcen.be","","Nuclear research centre and dual-use science supporting defence and security."
"tr_ssb","Presidency of Defence Industries (SSB)","eu_turkey","ssb.gov.tr","","Türkiye's central authority for developing and procuring defence capability; drives the localisation (yerlilik) strategy."
"tr_baykar","Baykar","eu_turkey","baykartech.com","","Uncrewed systems leader (Bayraktar TB2/TB3, Kızılelma jet UCAV); owns Italy's Piaggio Aerospace."
"tr_tusas","Turkish Aerospace Industries (TUSAŞ/TAI)","eu_turkey","tusas.com","","National aerospace prime — KAAN fighter, HÜRJET trainer, ANKA UAS, ATAK helicopter."
"tr_aselsan","ASELSAN","eu_turkey","aselsan.com","","Electronics prime — radar, electronic warfare, electro-optics, C4ISR and crypto."
"tr_roketsan","Roketsan","eu_turkey","roketsan.com.tr","","Missiles and rockets — ATMACA, SOM, TAYFUN, air-defence effectors."
"tr_havelsan","Havelsan","eu_turkey","havelsan.com.tr","","Software, C4ISR, simulation and training systems."
"tr_stm","STM","eu_turkey","stm.com.tr","","Naval platforms, cyber and systems engineering; also a defence-tech investor."
"tr_tubitak","TÜBİTAK (SAGE / UZAY / BİLGEM)","eu_turkey","tubitak.gov.tr","","National research council — munitions (SAGE), space (UZAY) and IT/security (BİLGEM) institutes feeding defence S&T."
"tr_teknofest","TEKNOFEST / T3 Foundation","eu_turkey","teknofest.org","","National technology festival and talent pipeline; a major innovation-convening and recruitment platform."
"tr_otokar","Otokar","eu_turkey","otokar.com.tr","","Land systems — the Altay main battle tank (design), armoured vehicles and turrets."
"tr_fnss","FNSS","eu_turkey","fnss.com.tr","","Tracked and wheeled armoured combat vehicles and amphibious systems."
"tr_bmc","BMC","eu_turkey","bmc.com.tr","","Military vehicles and the Altay main battle tank series production."
"tr_nurol","Nurol Makina","eu_turkey","nurolmakina.com.tr","","Wheeled armoured vehicles (Ejder Yalçın, NMS)."
"tr_asfat","ASFAT","eu_turkey","asfat.com.tr","","State military factory and shipyard management — naval exports and MILGEM frigates."
"tr_mke","MKE","eu_turkey","mke.gov.tr","","State munitions, artillery and weapons manufacturer (Mechanical & Chemical Industry)."
"tr_tei","TEI (TUSAŞ Engine Industries)","eu_turkey","tei.com.tr","","Aero-engine design and production, including indigenous turboshaft and turbojet engines."
"ua_brave1","Brave1","eu_ukraine","brave1.gov.ua","","Ukraine's defence-tech cluster — a state platform bundling grants (UAH ~3bn in 2025), testing, codification and procurement matchmaking for innovators and military users."
"ua_brave1market","Brave1 Market","eu_ukraine","brave1.gov.ua","","Digital catalogue (from April 2025) letting military units select and pull approved defence-tech solutions directly."
"ua_dpa","Defence Procurement Agency (DPA)","eu_ukraine","mod.gov.ua","","Ukraine's central agency for procuring weapons, ammunition, UAVs and materiel for the Armed Forces."
"ua_dot","Defence Logistics Operator (DOT)","eu_ukraine","mod.gov.ua","","State operator for non-lethal acquisition; runs the DOT-Chain Defence marketplace (unified with the DPA from Jan 2026)."
"ua_dotchain","DOT-Chain Defence","eu_ukraine","mod.gov.ua","","Digital marketplace letting units buy drones and equipment directly — order-to-delivery in around 10 days."
"ua_prozorro","Prozorro","eu_ukraine","prozorro.gov.ua","","Ukraine's transparent e-procurement platform; also hosts joint allied calls (UNITE–Brave NATO)."
"ua_unite","UNITE — Brave NATO","eu_ukraine","brave1.gov.ua","","First joint Ukraine–NATO innovation grant programme (from Nov 2025), pairing Ukrainian and allied firms on C-UAS and air defence."
"ua_udi","Ukrainian Defense Industry (UkrOboronProm)","eu_ukraine","ukroboronprom.com.ua","","Ukraine's state defence-industrial group — armour, artillery, munitions, aviation and naval."
"ua_zbroyari","Zbroyari: Manufacturing Freedom","eu_ukraine","mod.gov.ua","","National programme (with the ‘Danish model’ allied funding) financing direct purchases from Ukrainian producers."
"us_dod","US Department of Defense (DoD)","b_us","defense.gov","","The US defence department (also styled the Department of War); the largest defence customer globally."
"darpa","DARPA","b_us","darpa.mil","","Defense Advanced Research Projects Agency — high-risk, breakthrough defence research and Broad Agency Announcements."
"us_diu","Defense Innovation Unit (DIU)","us_diu_grp","diu.mil","info@diu.mil","DoD's commercial-tech ‘open front door’; principal liaison to the innovation base. Runs Commercial Solutions Openings and leads Replicator."
"nsin","National Security Innovation Network (NSIN)","us_diu_grp","nsin.mil","","DIU-aligned network linking the DoD to universities and early-stage founders."
"nsic","National Security Innovation Capital (NSIC)","us_diu_grp","diu.mil","","DIU programme funding dual-use hardware start-ups where venture capital is thin."
"replicator","Replicator initiative","us_diu_grp","diu.mil","","DIU-led drive to field thousands of all-domain attritable autonomous systems within 18–24 months."
"afwerx","AFWERX","afwerx_grp","afwerx.com","","The Air & Space Force innovation arm; open challenges and SBIR/STTR, transition timelines as short as weeks."
"afventures","AFVentures","afwerx_grp","afwerx.com","","Runs the DAF SBIR/STTR programme and open-topic solicitations; matches commercial tech to missions."
"afspark","AFWERX Spark","afwerx_grp","afwerx.com","","Empowers Airmen and Guardians to solve local problems and pull in commercial tech."
"afprime","AFWERX Prime","afwerx_grp","afwerx.com","","Scales frontier capabilities (e.g. Agility Prime advanced air mobility) toward fielding."
"spacewerx","SpaceWERX","afwerx_grp","spacewerx.us","","The Space Force innovation arm within AFWERX; STRATFI/TACFI and space challenges."
"navalx","NavalX & Tech Bridges","us_service","navalx.navy.mil","","Navy agility office; a network of ~18 regional Tech Bridges connecting the fleet to industry and academia."
"nrl","Naval Research Laboratory (NRL)","us_service","nrl.navy.mil","","The Navy's corporate research laboratory."
"aal","Army Applications Laboratory (AAL)","us_service","aal.army","","The Army's problem-driven innovation and prototyping unit."
"xtech","Army xTech","us_service","xtech.army.mil","","The Army's open prize-competition programme for dual-use tech from non-traditional vendors."
"rccto","Rapid Capabilities & Critical Technologies Office (RCCTO)","us_service","army.mil","","The Army's rapid prototyping and fielding office for priority technologies (hypersonics, directed energy)."
"afc","Army Futures Command","us_service","armyfuturescommand.com","","Leads Army modernisation and concept-to-capability development."
"mcwl","Marine Corps Warfighting Laboratory","us_service","mcwl.marines.mil","","Experiments and develops future Marine Corps capability."
"sofwerx","SOFWERX","us_service","sofwerx.org","","US Special Operations Command's innovation and collaboration hub; rapid problem-solving events with non-traditional partners."
"onr","Office of Naval Research (ONR)","us_labs","onr.navy.mil","","Funds US naval science and technology and university research; issues BAAs."
"afrl","Air Force Research Laboratory (AFRL)","us_labs","afrl.af.mil","","The Air & Space Force's science and technology laboratory."
"arl","DEVCOM Army Research Laboratory (ARL)","us_labs","arl.devcom.army.mil","","The Army's foundational research laboratory."
"sco","Strategic Capabilities Office (SCO)","us_labs","cto.mil","","Re-purposes existing systems for new operational effects at speed."
"dmea","Defense Microelectronics / trusted supply","us_labs","defense.gov","","Assures trusted access to microelectronics and critical components."
"mitre","MITRE","us_ffrdc","mitre.org","","Operates multiple FFRDCs for defence, intelligence and cyber; systems engineering and advisory."
"lincoln","MIT Lincoln Laboratory","us_ffrdc","ll.mit.edu","","MIT-run FFRDC for advanced sensors, air defence, space and rapid prototyping."
"jhuapl","Johns Hopkins Applied Physics Laboratory (APL)","us_ffrdc","jhuapl.edu","","Large university-affiliated research centre for strategic systems, space and undersea."
"aerospace","The Aerospace Corporation","us_ffrdc","aerospace.org","","FFRDC for national-security space architecture and launch assurance."
"rand_us","RAND / Project AIR FORCE","us_ffrdc","rand.org","","Policy and analysis FFRDCs supporting DoD decision-making."
"ida","Institute for Defense Analyses (IDA)","us_ffrdc","ida.org","","Analytic FFRDC supporting OSD and the Joint Staff."
"sandia","Sandia / Los Alamos / Livermore Labs","us_ffrdc","energy.gov","","DOE national laboratories underpinning the nuclear enterprise and defence science."
"shieldai","Shield AI","us_dtech","shield.ai","","Autonomous flight (Hivemind) and the V-BAT uncrewed aircraft."
"mach","Mach Industries","us_dtech","machindustries.com","","Vertically-integrated munitions and energetics — distributed, low-cost precision effects."
"saildrone","Saildrone","us_dtech","saildrone.com","","Autonomous maritime surveillance vehicles for persistent ocean ISR."
"saronic","Saronic","us_dtech","saronic.com","","Autonomous surface vessels and the Port Alpha autonomous shipyard."
"skydio","Skydio","us_dtech","skydio.com","","Autonomous drones with anti-jamming for defence and public safety."
"epirus","Epirus","us_dtech","epirussystems.com","","High-power microwave directed-energy counter-drone systems (Leonidas)."
"scaleai","Scale AI","us_dtech","scale.com","","Data and AI infrastructure for defence (e.g. Defense Llama)."
"appliedintuition","Applied Intuition","us_dtech","appliedintuition.com","","Simulation and autonomy software for ground, air and space systems."
"vannevar","Vannevar Labs","us_dtech","vannevarlabs.com","","Intelligence and operational software for national security."
"hermeus","Hermeus","us_dtech","hermeus.com","","Hypersonic aircraft for defence and commercial use."
"castelion","Castelion","us_dtech","castelion.com","","Low-cost hypersonic strike weapons at production scale."
"govini","Govini","us_dtech","govini.com","","Decision-science software for defence acquisition and supply chains."
"ursa","Ursa Major","us_dtech","ursamajor.com","","Rocket and hypersonic propulsion manufacturing."
"firestorm","Firestorm Labs","us_dtech","firestorm.us","","Expeditionary additive-manufacturing and drone production."
"chaos","Chaos Industries","us_dtech","chaos.us","","Advanced sensing and detection systems."
"regent","REGENT","us_dtech","regentcraft.com","","Seagliding electric craft for maritime mobility."
"hadrian","Hadrian","us_dtech","hadrian.co","","Automated precision manufacturing for aerospace and defence."
"cdao","Chief Digital & AI Office (CDAO)","us_acq","ai.mil","","DoD's central authority for data, analytics and AI adoption; runs JADC2 experimentation."
"osc","Office of Strategic Capital (OSC)","us_acq","defense.gov","","Uses loans and guarantees to pull private capital into critical technologies."
"apfit","APFIT","us_acq","cto.mil","","Accelerate the Procurement and Fielding of Innovative Technologies — bridge funding to cross the valley of death (now permanent)."
"iqt","In-Q-Tel (IQT)","us_acq","iqt.org","","Strategic, not-for-profit investor for the US intelligence and national-security community."
"sbir","DoD SBIR/STTR","us_acq","dodsbirsttr.mil","","Small Business Innovation Research — the federal small-business R&D funding gateway."
"dib","Defense Innovation Board","us_acq","innovation.defense.gov","","Independent advice to DoD leadership on innovation and scaling non-traditional vendors."
"sda_us","Space Development Agency (SDA)","us_agencies","sda.mil","","Builds the US proliferated warfighter space architecture."
"ssc","Space Systems Command","us_agencies","ssc.spaceforce.mil","","The Space Force's acquisition command; runs the SSC Front Door for industry."
"mda","Missile Defense Agency (MDA)","us_agencies","mda.mil","","Develops US layered missile defence."
"dtra","Defense Threat Reduction Agency (DTRA)","us_agencies","dtra.mil","","Counters weapons of mass destruction and emerging threats."
"lmt_aero","Lockheed Martin Aeronautics","us_primes","lockheedmartin.com","","Combat and air-mobility aircraft — F-35, F-16, C-130 — and classified programmes."
"lmt_mfc","Missiles & Fire Control (MFC)","us_primes","lockheedmartin.com","","Air & missile defence (PAC-3, THAAD), precision fires (JASSM, LRASM)."
"lmt_rms","Rotary & Mission Systems (RMS)","us_primes","lockheedmartin.com","","Sikorsky helicopters, radars, combat and C2 systems, training."
"lmt_space","Lockheed Martin Space","us_primes","lockheedmartin.com","","Satellites, strategic missiles and space transportation."
"rtx_raytheon","Raytheon","b_us","rtx.com","","Air & missile defence (Patriot), effectors (Tomahawk, AMRAAM, Standard Missile), C4ISR."
"rtx_collins","Collins Aerospace","b_us","rtx.com","","Avionics, mission systems, connected battlespace and aftermarket."
"rtx_pw","Pratt & Whitney","b_us","rtx.com","","Military and commercial aero-engines (F135 for the F-35)."
"noc_aero","Aeronautics Systems","","northropgrumman.com","","Strike and autonomous aircraft (B-21 Raider, unmanned systems)."
"noc_space","Space Systems","","northropgrumman.com","","Strategic (Sentinel ICBM), satellites and launch."
"noc_ms","Mission Systems","","northropgrumman.com","","Radars, sensors, EW, C4ISR and networking."
"noc_ds","Defense Systems","","northropgrumman.com","","Weapons, ammunition and mission readiness/sustainment."
"gd_electricboat","Electric Boat","","gd.com","","Designs and builds US nuclear submarines (Virginia, Columbia)."
"gd_landsystems","Land Systems","","gdls.com","","Main battle tanks and combat vehicles (Abrams, Stryker)."
"gd_mission","Mission Systems","","gdmissionsystems.com","","C4ISR, secure comms and mission computing."
"gd_git","GDIT","","gdit.com","","IT and digital services to government."
"boeing_def","Boeing Defense, Space & Security","","boeing.com","","Combat aircraft, rotorcraft, satellites, weapons and autonomy."
"anduril_us","Anduril Industries","","anduril.com","","Autonomy-first defence-tech prime; the Lattice software platform and autonomous systems."
"palantir_us","Palantir Technologies","","palantir.com","","Data-integration and decision software (Gotham, Foundry) for defence and intelligence."
"airbus_air","Military Air Systems","eu_primes","airbus.com","","Combat (Eurofighter, FCAS), transport (A400M) and MRTT tankers."
"airbus_space","Space Systems","eu_primes","airbus.com","","Satellites, secure satcom and Earth observation."
"airbus_cis","Connected Intelligence","eu_primes","airbus.com","","Secure communications, ISR and mission systems."
"leo_g_helis","Helicopters","","leonardo.com","","Military and civil rotary-wing."
"leo_g_electronics","Electronics","","leonardo.com","","Radar, EW, avionics and sensors."
"leo_g_aircraft","Aircraft & Aerostructures","","leonardo.com","","Trainers, combat air work-share and structures."
"thales_dams","Defence & Mission Systems","","thalesgroup.com","","Air-defence, naval combat systems and radars."
"thales_lai","Land & Air Systems","","thalesgroup.com","","Sensors, optronics, air-traffic and battlefield systems."
"thales_space","Space (Thales Alenia Space)","","thalesaleniaspace.com","","Satellites and space systems (JV with Leonardo)."
"thales_cyber","Cyber & Digital","","thalesgroup.com","","Cybersecurity, secure comms and digital identity."
"rheinmetall","Rheinmetall","","rheinmetall.com","","German land-systems and munitions champion; vehicles, weapons and ammunition."
"kmw","KNDS (KMW + Nexter)","","knds.com","","Franco-German land-systems group (Leopard 2, Leclerc, artillery)."
"saab_grp","Saab AB","","saab.com","","Swedish group — Gripen combat air, sensors, and naval (Kockums submarines)."
"mbda_grp","MBDA","","mbda-systems.com","","European complex-weapons champion (BAE, Airbus, Leonardo JV)."
"kongsberg","Kongsberg Defence & Aerospace","","kongsberg.com","","Missiles (NSM/JSM), remote weapon stations and maritime systems."
"ca_dnd","Department of National Defence (DND / CAF)","ca_grp","canada.ca","","Canada's defence department and armed forces."
"ca_ideas","Defence IDEaS","ca_grp","canada.ca","","Innovation for Defence Excellence and Security — Canada's flagship programme (Competitive Projects, Sandboxes, Contests, Test Drives); funding now up to CA$6.75M phased."
"ca_borealis","BOREALIS","ca_grp","canada.ca","","Canada's new defence innovation accelerator — Bureau of Research, Engineering and Advanced Leadership in Innovation and Science; scales innovation under the Defence Industrial Strategy."
"ca_dish","Defence Innovation Secure Hubs (DISH)","ca_grp","canada.ca","","Growing network of secure hubs (Maritime, Uncrewed Systems) linking government, industry, academia and operators."
"ca_drdc","Defence Research & Development Canada (DRDC)","ca_grp","canada.ca","","The national defence science agency and its research centres; leads NORAD-modernisation S&T."
"ca_pspc","Public Services & Procurement Canada (PSPC)","ca_grp","canada.ca","","Federal procurement authority; posts opportunities on CanadaBuys."
"ca_ised","ISED / Industrial & Technological Benefits","ca_grp","ised-isde.canada.ca","","Runs the ITB policy that ties major contracts to domestic industrial benefit."
"ca_dia","Defence Investment Agency (DIA)","ca_grp","canada.ca","","New agency (established 2025 within PSPC) consolidating major defence procurement to speed up acquisition."
"ca_gdls","General Dynamics Land Systems–Canada","ca_grp","gdlscanada.com","","Light armoured vehicles (LAV family) — a major Canadian defence exporter."
"ca_irving","Irving Shipbuilding","ca_grp","irvingshipbuilding.com","","Canada's combatant shipbuilder — the Type 26-derived River-class destroyers."
"ca_seaspan","Seaspan Shipyards","ca_grp","seaspan.com","","Non-combat federal shipbuilding under the National Shipbuilding Strategy."
"ca_cae","CAE Defence & Security","ca_grp","cae.com","","Simulation, training and mission systems (global leader)."
"ca_bombardier","Bombardier Defense","ca_grp","bombardier.com","","Specialised military and ISR aircraft platforms."
"au_defence","Department of Defence","au_grp","defence.gov.au","","Australia's defence department and the ADF."
"au_asca","Advanced Strategic Capabilities Accelerator (ASCA)","au_grp","asca.gov.au","","Australia's DARPA-modelled defence accelerator; mission-led, need-to-project pipeline with a path to acquisition. Runs the EDT program and AUKUS innovation challenges."
"au_dstg","Defence Science & Technology Group (DSTG)","au_grp","dst.defence.gov.au","","Australia's national defence science organisation; partners CSIRO and universities."
"au_casg","Capability Acquisition & Sustainment Group (CASG)","au_grp","defence.gov.au","","Australian defence procurement and sustainment. Merging with GWEO and Naval Shipbuilding into the new Defence Delivery Agency (forming from July 2026, led by an Australian National Armaments Director)."
"au_asa","Australian Submarine Agency (ASA)","au_grp","asa.gov.au","","Delivers Australia's AUKUS conventionally-armed, nuclear-powered submarine programme."
"au_gweo","Guided Weapons & Explosive Ordnance (GWEO)","au_grp","defence.gov.au","","Building a sovereign Australian guided-weapons manufacturing enterprise; folding into the Defence Delivery Agency from 2026."
"au_dsr","Australian defence primes & SMEs","au_grp","industry.gov.au","","Sovereign industrial base engaged via ASCA challenges."
"au_bae","BAE Systems Australia","au_grp","baesystems.com","","Australia's largest defence company — Hunter-class frigates, combat systems and sustainment."
"au_thales","Thales Australia","au_grp","thalesgroup.com.au","","Bushmaster and Hawkei protected vehicles, munitions (Benalla, Mulwala) and sonar."
"au_asc","ASC","au_grp","asc.com.au","","Submarine sustainment and build partner central to the AUKUS submarine enterprise."
"au_anduril","Anduril Australia","au_grp","anduril.com","","Autonomous systems including the Ghost Shark extra-large uncrewed submarine."
"au_gilmour","Gilmour Space","au_grp","gspacetech.com","","Australian sovereign launch and satellite technology."
"au_droneshield","DroneShield","au_grp","droneshield.com","","Counter-UAS detection and defeat systems."
"au_electrooptic","Electro Optic Systems (EOS)","au_grp","eos-aus.com","","Remote weapon systems, directed energy and space sensors."
"nz_nzdf","NZ Defence Force (NZDF)","nz_grp","nzdf.mil.nz","","New Zealand's armed forces; defines capability requirements with the Ministry of Defence."
"nz_mod","Ministry of Defence — Capability Delivery","nz_grp","defence.govt.nz","","Runs NZ's major capability procurement (projects over NZ$25m) across maritime, land, air and information domains."
"nz_dcp","2025 Defence Capability Plan","nz_grp","defence.govt.nz","","NZ$12bn plan (NZ$9bn new) over four years, lifting spending above 2% of GDP, with an updated industry-engagement approach."
"nz_dta","Defence Technology Agency (DTA)","nz_grp","nzdf.mil.nz","","NZDF's science and technology organisation — research, analysis and dual-use innovation."
"nz_industry","NZ Defence Industry Association (NZDIA)","nz_grp","nzdia.co.nz","","Association of NZ SMEs in ISR, communications, maritime and dual-use technology."
"kr_dapa","DAPA","pt_kr","dapa.go.kr","","Defense Acquisition Program Administration — South Korea's central procurement agency."
"kr_add","Agency for Defense Development (ADD)","pt_kr","add.re.kr","","South Korea's national defence research agency; leads indigenous weapons development."
"kr_hanwha","Hanwha Aerospace","pt_kr","hanwha.com","","Aerospace, land systems (K9 howitzer) and missiles; a leading Korean exporter."
"kr_kai","Korea Aerospace Industries (KAI)","pt_kr","koreaaero.com","","Aircraft prime — FA-50, KF-21 fighter and rotary-wing."
"kr_lignex1","LIG Nex1","pt_kr","lignex1.com","","Missiles, air defence (KM-SAM/L-SAM) and electronic warfare."
"kr_rotem","Hyundai Rotem","pt_kr","hyundai-rotem.com","","Land systems — the K2 Black Panther main battle tank."
"kr_hanwhaocean","Hanwha Ocean","pt_kr","hanwhaocean.com","","Naval shipbuilding and submarines (formerly DSME)."
"kr_hyundaihi","HD Hyundai Heavy Industries","pt_kr","hyundai-holdings.com","","Naval surface combatants and shipbuilding."
"kr_poongsan","Poongsan","pt_kr","poongsan.co.kr","","Ammunition and munitions manufacturing."
"kr_hanwhasystems","Hanwha Systems","pt_kr","hanwhasystems.com","","Defence electronics, radar, C4ISR and satellite systems."
"kr_wia","Hyundai WIA","pt_kr","hyundai-wia.com","","Artillery systems, guns and defence machinery."
"jp_atla","ATLA","pt_jp","mod.go.jp","","Acquisition, Technology & Logistics Agency — Japan's defence procurement and R&D agency."
"jp_mhi","Mitsubishi Heavy Industries (MHI)","pt_jp","mhi.com","","Japan's largest defence prime — aircraft, naval vessels, missiles and the GCAP combat-air programme."
"jp_kawasaki","Kawasaki Heavy Industries","pt_jp","khi.co.jp","","Aircraft (P-1, C-2), submarines and defence systems."
"jp_melco","Mitsubishi Electric","pt_jp","mitsubishielectric.com","","Radar, missiles and space/defence electronics."
"jp_ihi","IHI Corporation","pt_jp","ihi.co.jp","","Aero-engines and propulsion, including for GCAP."
"jp_nec","NEC (defence & space)","pt_jp","nec.com","","C4ISR, radar, cyber and satellite systems for the Japan Self-Defense Forces."
"jp_fujitsu","Fujitsu (defence)","pt_jp","fujitsu.com","","Networks, cyber, HPC and systems for defence and security."
"jp_shinmaywa","ShinMaywa Industries","pt_jp","shinmaywa.co.jp","","The US-2 amphibious search-and-rescue aircraft."
"il_mafat","DDR&D (MAFAT)","pt_il","mod.gov.il","","Directorate of Defense R&D within the Israeli MoD; drives national defence innovation and manages major programmes."
"il_sibat","SIBAT — Defense Export & Cooperation","pt_il","mod.gov.il","","The MoD's international defence cooperation and export directorate."
"il_rafael","Rafael","pt_il","rafael.co.il","","State-owned prime — Iron Dome, David's Sling, Spike missiles, Trophy active protection and the Iron Beam laser."
"il_iai","Israel Aerospace Industries (IAI)","pt_il","iai.co.il","","Aerospace and systems prime — UAS, ELTA radar, Arrow and Barak missile defence, and space."
"il_elbit","Elbit Systems","pt_il","elbitsystems.com","","Israel's largest (private) defence firm — land, air, C4ISR, electro-optics and munitions (absorbed IMI)."
"il_shipyards","Israel Shipyards","pt_il","israel-shipyards.com","","Naval vessels — Sa'ar-class missile boats and patrol craft."
"il_uvision","UVision","pt_il","uvisionuav.com","","Loitering munitions (the Hero family), now supplied to the US Army."
"il_smartshooter","SmartShooter","pt_il","smart-shooter.com","","Precision fire-control and counter-UAS small-arms sights."
"il_plasan","Plasan","pt_il","plasan.com","","Vehicle armour, survivability and protected platforms."
"il_innofense","INNOFENSE / iHLS","pt_il","ihls.com","","Israeli defence-tech innovation and homeland-security start-up ecosystem."
"aukus","AUKUS","b_multi","","","UK–US–Australia partnership: submarines (Pillar 1) and advanced capabilities (Pillar 2)."
"gcap","GCAP / GIGO","b_multi","","","Trilateral (UK, Italy, Japan) government organisation for the next-generation combat aircraft; delivered via Edgewing."
"fiveeyes","Five Eyes","b_multi","","","Intelligence and capability collaboration (UK, US, Canada, Australia, New Zealand)."
"ttcp","TTCP","b_multi","","","The Technical Cooperation Program — Five Eyes defence science and technology collaboration."
"dijc","Defence Industrial Joint Council (DIJC)","b_trade","","","MOD's main strategic engagement mechanism with the whole industrial base; replaced the DSF."
"dosbg","Defence Office for Small Business Growth (DOSBG)","b_trade","gov.uk","","The MOD's single front door for SMEs — guidance on accessing the defence supply chain, contracting and growth pathways."
"smehub","MOD SME Support Hub","b_trade","gov.uk","","Dedicated support helping small firms access defence supply-chain opportunities (from 2025, alongside new SME spend targets)."
"joscar","JOSCAR (Hellios)","b_trade","hellios.com","","The Joint Supply Chain Accreditation Register — the supplier pre-qualification gate that primes require to onboard you."
"rdsc","Regional Defence & Security Clusters (RDSCs)","b_trade","gov.uk","","Regional networks where SMEs meet primes and MOD stakeholders in a practical, low-barrier setting — a common first step in."
"makeukdef","Make UK Defence","b_trade","makeukdefence.org","","Trade body focused on the SME manufacturing supply chain — supplier days, matchmaking and route-to-market support."
"ads","ADS Group","b_trade","adsgroup.org.uk","","Represents aerospace, defence, security & space (1,700+ members); DIJC member."
"techuk","techUK","b_trade","techuk.org","","Represents the technology sector, including defence & national-security tech."
"smi","Society of Maritime Industries","b_trade","maritimeindustries.org","","Represents the maritime and naval supply chain."
"rina","Royal Institution of Naval Architects (RINA)","b_trade","rina.org.uk","","Professional body for naval architecture and marine engineering."
"imeche","IMechE","b_trade","imeche.org","","Professional registration and standards for mechanical engineers."
"iet","IET","b_trade","theiet.org","","Professional body for engineering and technology."
"raes","Royal Aeronautical Society (RAeS)","b_trade","aerosociety.com","","Professional body for aerospace."
"rusi2","RUSI","b_trade","rusi.org","","Defence & security think tank; convening, analysis and community introductions."
"ev_dsei","DSEI (London)","b_events","dsei.co.uk","","One of the world's largest defence & security exhibitions (~2,800 exhibitors); biennial, odd years, ExCeL London. Organised by Clarion Events."
"ev_eurosatory","Eurosatory (Paris)","b_events","eurosatory.com","","The largest land and air-land defence & security exhibition; biennial, even years, Paris. Organised by COGES/GICAT."
"ev_farnborough","Farnborough International Airshow","b_events","farnboroughinternational.co.uk","","Major aerospace & defence airshow and year-round convening; biennial, even years, UK."
"ev_parisair","Paris Air Show (Le Bourget)","b_events","siae.fr","","The world's largest aerospace trade show; biennial, odd years, Paris."
"ev_mspo","MSPO (Kielce)","b_events","targikielce.pl","","International Defence Industry Exhibition — Europe's third-largest defence show and the hub for Eastern-flank rearmament; annual, Poland."
"ev_idex","IDEX & NAVDEX (Abu Dhabi)","b_events","idexuae.ae","","The premier Middle East defence exhibition; biennial, odd years, UAE."
"ev_wds","World Defense Show (Riyadh)","b_events","worlddefenseshow.com","","Saudi Arabia's fast-growing multi-domain defence exhibition (GAMI); biennial, even years."
"ev_idef","IDEF (Istanbul)","b_events","idef.com.tr","","Türkiye's international defence industry fair; biennial, odd years."
"ev_defea","DEFEA (Athens)","b_events","defea.gr","","Defence Exhibition Athens — a growing South-East Europe / East-Med marketplace; biennial."
"ev_cansec","CANSEC (Ottawa)","b_events","cansec.ca","","Canada's premier defence & security trade show, run by CADSI; annual."
"ev_ausa","AUSA Annual Meeting (Washington)","b_events","ausa.org","","The US Army's largest land-warfare exposition and professional forum; annual."
"ev_seaairspace","Sea-Air-Space (National Harbor)","b_events","seaairspace.org","","The US Navy League's maritime exposition; annual."
"ev_itsec","I/ITSEC (Orlando)","b_events","iitsec.org","","The world's largest modelling, simulation & training conference; annual, US."
"ev_indopacific","Indo Pacific (Sydney) & Land Forces","b_events","indopacificexpo.com.au","","Australia's international maritime and land-forces expositions (AMDA Foundation); biennial."
"ev_dsa","DSA (Kuala Lumpur)","b_events","dsaexhibition.com","","Defence Services Asia — the gateway to the South-East Asian defence market; biennial."
"ev_milipol","Milipol Paris","b_events","milipol.com","","Leading homeland-security exhibition for law enforcement and internal security; biennial."
"md_janes","Janes","b_media","janes.com","","The definitive open-source defence intelligence provider — equipment, orders of battle, markets and threat data; UK-headquartered."
"md_defnews","Defense News","b_media","defensenews.com","","Leading US defence trade publication (Sightline Media) — procurement, budgets and industry news."
"md_breaking","Breaking Defense","b_media","breakingdefense.com","","Fast-moving US digital outlet on defence acquisition, budgets and emerging capability."
"md_defenseone","Defense One","b_media","defenseone.com","","US analysis on the future of defence, technology and national security (Atlantic Media/GovExec)."
"md_shephard","Shephard Media","b_media","shephardmedia.com","","UK-based defence publisher — land, air, naval, uncrewed and defence-insight titles and data."
"md_twz","The War Zone (TWZ)","b_media","twz.com","","US outlet known for fast, detailed open-source analysis of military hardware and events."
"md_navalnews","Naval News","b_media","navalnews.com","","Specialist naval and maritime-defence news and analysis."
"md_aviationweek","Aviation Week Network","b_media","aviationweek.com","","Long-standing aerospace & defence intelligence, data and events (Defense & Space)."
"md_flightglobal","FlightGlobal","b_media","flightglobal.com","","Aerospace industry news and analysis, including military aviation."
"md_ukdj","UK Defence Journal","b_media","ukdefencejournal.org.uk","","Independent UK defence news and commentary with a strong general readership."
"md_forces","Forces News (BFBS)","b_media","forces.net","","Armed-forces news service for the UK military community, run by BFBS."
"md_esut","ESUT — Europäische Sicherheit & Technik","b_media","esut.de","","Leading German defence & security technology journal."
"md_monch","Mönch / MILTECH","b_media","monch.com","","European defence publisher (Military Technology and related titles)."
"md_edr","European Defence Review (EDR)","b_media","edrmagazine.eu","","Independent European defence magazine and online analysis."
"md_armada","Armada International","b_media","armadainternational.com","","International defence technology magazine with a global readership."
"md_defence24","Defence24 (Poland)","b_media","defence24.com","","The largest Central-European defence portal — Polish and English; industry, armed forces and geopolitics."
"md_defexpress","Defense Express (Ukraine)","b_media","defence-ua.com","","Ukraine's leading defence-industry and technology portal; closely followed for battlefield and industrial insight."
"md_rid","RID — Rivista Italiana Difesa","b_media","rid.it","","Italy's long-standing monthly defence magazine — analysis of programmes, platforms and strategy."
"md_analisidifesa","Analisi Difesa (Italy)","b_media","analisidifesa.it","","Independent Italian defence, industry and military-affairs magazine."
"md_opex360","Opex360 / Zone Militaire (France)","b_media","opex360.com","","One of France's most-read independent defence news sites; forces, programmes and geopolitics."
"md_infodefensa","Infodefensa (Spain)","b_media","infodefensa.com","","Leading Spanish-language defence news portal covering Spain and Latin America."
"md_defenceturkey","Defence Turkey","b_media","defenceturkey.com","","Türkiye's premier defence & aerospace publication — industry coverage and interviews since 2001."
"md_hartpunkt","hartpunkt (Germany)","b_media","hartpunkt.de","","German-language defence news and analysis site focused on the Bundeswehr and European security."
"pol_rusi","RUSI","b_policy","rusi.org","","The Royal United Services Institute — the UK's leading defence and security think tank; independent analysis and convening."
"pol_iiss","IISS","b_policy","iiss.org","","International Institute for Strategic Studies — global authority on military balance and strategic affairs (publisher of The Military Balance)."
"pol_chatham","Chatham House","b_policy","chathamhouse.org","","The Royal Institute of International Affairs — foreign-policy and security research and convening."
"pol_csis","CSIS","b_policy","csis.org","","Center for Strategic & International Studies — major US bipartisan security and defence think tank."
"pol_cnas","CNAS","b_policy","cnas.org","","Center for a New American Security — US defence-policy think tank focused on practical strategy."
"pol_atlantic","Atlantic Council","b_policy","atlanticcouncil.org","","Transatlantic think tank shaping security, defence and alliance policy."
"pol_rand","RAND Corporation","b_policy","rand.org","","US non-profit research organisation; long-standing defence analysis and wargaming for government."
"pol_cepa","CEPA","b_policy","cepa.org","","Center for European Policy Analysis — transatlantic security policy, focused on Europe's frontier."
"pol_geostrategy","Council on Geostrategy","b_policy","geostrategy.org.uk","","UK think tank on strategic competition, industrial and maritime power."
"pol_policyexchange","Policy Exchange (Britain in the World)","b_policy","policyexchange.org.uk","","UK think tank whose security programme informs defence and foreign policy."
"pol_egmont","Egmont Institute","b_policy","egmontinstitute.be","","Belgian royal institute for international relations — EU/NATO security policy."
"pol_sipri","SIPRI","b_policy","sipri.org","","Stockholm International Peace Research Institute — authoritative data on arms, military spending and transfers."
"pol_ifri","IFRI","b_policy","ifri.org","","Institut français des relations internationales — France's leading international-affairs institute."
"pol_dgap","DGAP","b_policy","dgap.org","","German Council on Foreign Relations — security and defence policy analysis."
"pol_natodefencecollege","NATO Defense College","b_policy","ndc.nato.it","","NATO's strategic-level education and research institution, Rome."
"ee_icds","ICDS (Estonia)","b_policy","icds.ee","","International Centre for Defence and Security — Estonia's leading defence, security and foreign-policy think tank; hosts the Lennart Meri Conference and Annual Baltic Conference on Defence, Tallinn."
"lv_liia","LIIA (Latvia)","b_policy","liia.lv","","Latvian Institute of International Affairs — Riga-based foreign and security policy institute; runs the Rīga Conference community."
"lt_tspmi","VU TSPMI (Lithuania)","b_policy","tspmi.vu.lt","","Vilnius University's Institute of International Relations & Political Science — Lithuania's principal security-studies hub."
"fi_fiia","FIIA (Finland)","b_policy","fiia.fi","","Finnish Institute of International Affairs — Helsinki-based research on security, the EU and the northern neighbourhood."
"se_ui","UI (Sweden)","b_policy","ui.se","","Swedish Institute of International Affairs — Stockholm; independent research and analysis on foreign and security policy."
"dk_thinkeuropa","Think Tank EUROPA (Denmark)","b_policy","thinkeuropa.dk","","Danish think tank on EU and European security policy."
"pl_pism","PISM (Poland)","b_policy","pism.pl","","Polish Institute of International Affairs — Warsaw; a leading state-linked foreign and security policy institute."
"pl_pulaski","Casimir Pulaski Foundation (Poland)","b_policy","pulaski.pl","","Independent Warsaw think tank focused on defence, security and transatlantic relations; runs Defence24-adjacent expert networks."
"sk_globsec","GLOBSEC (Slovakia)","b_policy","globsec.org","","Bratislava-headquartered global think tank; its European Defence Initiative and Eastern-flank readiness reports are widely cited."
"sk_sfpa","SFPA (Slovakia)","b_policy","sfpa.sk","","Slovak Foreign Policy Association — foreign and security policy research and debate."
"cz_iir","IIR Prague (Czechia)","b_policy","iir.cz","","Institute of International Relations Prague — the Czech Republic's principal foreign-policy research institute."
"cz_amo","AMO (Czechia)","b_policy","amo.cz","","Association for International Affairs — independent Prague think tank on foreign and security policy."
"cz_pssi","PSSI (Czechia)","b_policy","pssi.cz","","Prague Security Studies Institute — security policy, economic security and space-security programmes."
"ro_newstrategy","New Strategy Center (Romania)","b_policy","newstrategycenter.ro","","Romanian think tank on Black Sea security, defence and energy."
"bg_sofiaforum","Sofia Security Forum (Bulgaria)","b_policy","sofiaforum.bg","","Bulgarian platform convening South-East European security and defence debate."
"rs_bcsp","BCSP (Serbia)","b_policy","bezbednost.org","","Belgrade Centre for Security Policy — security-sector research in the Western Balkans."
"ch_dcaf","DCAF (Geneva)","b_policy","dcaf.ch","","Geneva Centre for Security Sector Governance — a global reference on democratic governance of armed and security forces."
"fr_iris","IRIS (France)","b_policy","iris-france.org","","Institut de relations internationales et stratégiques — French institute with a strong defence-economics and strategy focus."
"de_swp","SWP (Germany)","b_policy","swp-berlin.org","","Stiftung Wissenschaft und Politik — the German government's principal foreign & security policy advisory institute, Berlin."
"it_iai","IAI (Italy)","b_policy","iai.it","","Istituto Affari Internazionali — Italy's leading defence and international-affairs institute, Rome."
"it_ispi","ISPI (Italy)","b_policy","ispionline.it","","Institute for International Political Studies — Milan-based foreign-policy and security think tank."
"es_elcano","Elcano Royal Institute (Spain)","b_policy","realinstitutoelcano.org","","Spain's leading international and strategic studies institute, Madrid."
"es_cidob","CIDOB (Spain)","b_policy","cidob.org","","Barcelona Centre for International Affairs — foreign and security policy research."
"nl_clingendael","Clingendael (Netherlands)","b_policy","clingendael.org","","The Netherlands Institute of International Relations — leading think tank and diplomatic academy, part-funded by the Dutch MoD."
"nl_hcss","HCSS (Netherlands)","b_policy","hcss.nl","","The Hague Centre for Strategic Studies — data-driven security, defence-industrial and strategic analysis."
"no_nupi","NUPI (Norway)","b_policy","nupi.no","","Norwegian Institute of International Affairs — Oslo; security, defence and Arctic research."
"no_prio","PRIO (Norway)","b_policy","prio.org","","Peace Research Institute Oslo — long-standing conflict and security research institute."
"dk_diis","DIIS (Denmark)","b_policy","diis.dk","","Danish Institute for International Studies — foreign, defence and security policy research, Copenhagen."
"gr_eliamep","ELIAMEP (Greece)","b_policy","eliamep.gr","","Hellenic Foundation for European & Foreign Policy — Greece's principal international-affairs think tank."
"pt_ipri","IPRI-NOVA (Portugal)","b_policy","ipri.pt","","Portuguese Institute of International Relations — NOVA University Lisbon; foreign and security policy."
"hu_kki","KKI / IFAT (Hungary)","b_policy","kki.hu","","Institute for Foreign Affairs and Trade — Hungary's government-linked international-affairs institute."
"ca_cgai","CGAI (Canada)","b_policy","cgai.ca","","Canadian Global Affairs Institute — Canada's leading independent defence, security and foreign-policy institute (Calgary/Ottawa)."
"au_aspi","ASPI (Australia)","b_policy","aspi.org.au","","Australian Strategic Policy Institute — Canberra; defence and strategic policy, widely cited across the Indo-Pacific."
"jp_jiia","JIIA (Japan)","b_policy","jiia.or.jp","","Japan Institute of International Affairs — Japan's leading foreign-policy and security think tank, Tokyo."
"kr_kida","KIDA (South Korea)","b_policy","kida.re.kr","","Korea Institute for Defense Analyses — the ROK's principal government defence-analysis institute."
"il_inss","INSS (Israel)","b_policy","inss.org.il","","Institute for National Security Studies — Israel's leading security think tank, Tel Aviv University."
"il_jiss","JISS (Israel)","b_policy","jiss.org.il","","Jerusalem Institute for Strategy and Security — national-security research and strategy."
"uk_str_sdr","UK Strategic Defence Review 2025","b_strategy","gov.uk","","'Making Britain Safer: secure at home, strong abroad' — the externally-led SDR published 2 June 2025; 62 recommendations, NATO-first, a shift to war-fighting readiness, autonomy and AI."
"uk_str_nss","UK National Security Strategy 2025","b_strategy","gov.uk","","The cross-government National Security Strategy published June 2025 ahead of the NATO Hague Summit; sets the UK's threat assessment and security priorities above the defence-specific SDR."
"str_nato_sc","NATO Strategic Concept 2022","b_strategy","nato.int","","The Alliance's guiding document, approved at the Madrid Summit on 29 June 2022 — three core tasks (deterrence & defence; crisis prevention & management; cooperative security); names Russia the most significant and direct threat."
"str_eu_compass","EU Strategic Compass 2022","b_strategy","eeas.europa.eu","","The EU's security & defence action plan to 2030, adopted March 2022 — a shared threat analysis and concrete goals including the EU Rapid Deployment Capacity."
"us_str_nds","US National Defense Strategy","b_strategy","defense.gov","","The Department of Defense's capstone strategy directing force posture, priorities and the pacing challenge; issued by the Secretary of Defense and published via defense.gov."
"us_str_nss","US National Security Strategy","b_strategy","whitehouse.gov","","The White House's overarching statement of national-security priorities, from which the National Defense Strategy flows."
"fr_str_rns","France — Revue Nationale Stratégique","b_strategy","sgdsn.gouv.fr","","France's National Strategic Review (first issued 2022, Toulon) — sets ten strategic objectives; maintained by the SGDSN under the Prime Minister."
"de_str_nss","Germany — National Security Strategy","b_strategy","nationalesicherheitsstrategie.de","","Germany's first integrated National Security Strategy (2023), the 'Zeitenwende' turning point — an 'integrated security' approach across defence, resilience and values."
"str_eu_capdev","EU Capability Development Priorities","b_strategy","eda.europa.eu","","The European Defence Agency's agreed capability priorities that steer collaborative EU development — the practical companion to the Strategic Compass."
"fin_dsrb","Defence, Security & Resilience Bank (DSRB)","b_finance","dsrbank.com","","Proposed nation-owned multilateral bank to harness capital markets for allied defence, readiness and supply-chain finance; in development, backed by major banks and 30+ nations."
"fin_eib","European Investment Bank — Security & Defence","b_finance","eib.org","","The EU's bank; has expanded defence eligibility and intermediated lending to reach defence-supply-chain SMEs across the Union."
"fin_kfw","KfW (Germany)","b_finance","kfw.de","","Germany's national promotional bank; part of the EIB-coordinated pan-European defence-finance push."
"fin_bpifrance","Bpifrance","b_finance","bpifrance.fr","","France's public investment bank — dedicated defence support, loans and equity for defence SMEs."
"fin_cdp","Cassa Depositi e Prestiti (Italy)","b_finance","cdp.it","","Italy's national promotional institution participating in the pan-European defence-finance framework."
"fin_bgk","Bank Gospodarstwa Krajowego (Poland)","b_finance","bgk.pl","","Poland's state development bank, financing the Eastern flank's rapid rearmament."
"fin_ico","ICO (Spain)","b_finance","ico.es","","Instituto de Crédito Oficial — Spain's national promotional bank in the EIB defence-finance group."
"fin_cdc","Caisse des Dépôts (France)","b_finance","caissedesdepots.fr","","France's long-term public investor, part of the five-nation promotional-bank defence agreement."
"inc_starburst","Starburst Aerospace","b_incubators","starburst.aero","","Global aerospace & defence accelerator connecting start-ups with primes, investors and governments."
"inc_nsin","NSIN (US)","b_incubators","nsin.mil","","National Security Innovation Network — US DoD programme building defence-tech talent and ventures via university and start-up communities."
"inc_techstars","Techstars (Defense/Space)","b_incubators","techstars.com","","Global accelerator running defence- and space-focused programmes with government and prime partners."
"inc_plexal","Plexal","b_incubators","plexal.com","","UK innovation company delivering defence and cyber accelerators (e.g. for DASA and NCSC), based at Here East."
"inc_conductive","D3 / Dual-use VC","b_incubators","d3vc.com","","Dual-use venture investor backing defence and deep-tech founders; runs accelerator-style community programmes."
"inc_h4d","Hacking for Defense (BMNT)","b_incubators","bmnt.com","","Problem-curation and H4D methodology connecting mission problems to start-up solutions; US-origin, now allied."
"inc_civ_uk","LORCA / Cyber Runway alumni","b_incubators","plexal.com","","UK cyber and dual-use scale-up programmes feeding the defence supply chain."
"inc_startupbootcamp","Startupbootcamp (Def/Sec)","b_incubators","startupbootcamp.org","","Global accelerator network running defence- and security-relevant cohorts in Europe."
"inc_tehnopol","Tehnopol (Estonia)","b_incubators","tehnopol.ee","","The Baltics' largest science & business park, Tallinn; runs Estonia's NATO DIANA accelerator and cyber/dual-use programmes."
"inc_palladion","Palladion Defence Accelerator (Germany)","b_incubators","unibw.de","","Germany's DIANA defence accelerator, based at the University of the Bundeswehr Munich — deep-tech and dual-use maturation with Bundeswehr links."
"inc_eurodefense","European Defense Tech Hackathon (Eurodefense.tech)","b_incubators","eurodefense.tech","","Community running Europe's largest defence-tech hackathons (Munich, Tallinn and beyond) — the recurring collaborative events connecting builders to the sector."
"inc_define_fi","DEFINE — Defence Innovation Network Finland","b_incubators","vtt.fi","","Finland's defence-innovation network; co-delivers the Finnish NATO DIANA accelerator with VTT, Aalto University and the University of Helsinki."
"com_canny","Canny Comms","b_comms","canny-comms.co.uk","","Defence & security communications and marketing consultancy (Porton Down Science Park); runs the CIPR-accredited Reputation Masterclass and training for the sector."
"com_blackjelly","Black Jellyfish","b_comms","blackjellyfish.co.uk","","Technology consultancy partnering on defence communications and complex-technology engagement."
"fw_ccs","Crown Commercial Service","b_frameworks","crowncommercial.gov.uk","","The UK government's central buying function; hosts framework agreements many defence and public-sector requirements run through."
"fw_jrco","DE&S Commercial frameworks","b_frameworks","gov.uk","","Defence Equipment & Support lets and manages the major MOD framework agreements and enabling contracts."
"fw_dspcr","DSPCR 2011","b_frameworks","gov.uk","","The Defence & Security Public Contracts Regulations — the UK legal framework governing how defence procurements are run."
"fw_dsp","Defence Sourcing Portal","b_frameworks","gov.uk","","The MOD's supplier-facing sourcing and tendering portal for defence opportunities."
"fw_edip","EDIP (EU)","b_frameworks","defence-industry-space.ec.europa.eu","","European Defence Industry Programme — the EU's framework for jointly funding and procuring defence capability."
"fw_edirpa","EDIRPA (EU)","b_frameworks","defence-industry-space.ec.europa.eu","","EU instrument incentivising common defence procurement among member states."
"fw_nspa_frame","NSPA framework agreements","b_frameworks","nspa.nato.int","","NATO Support & Procurement Agency's multinational framework contracts and acquisition support."